id,subtopics,relevance,include,reason
10.1002/2015gl063986,T07,средняя,1,
10.1002/aic.10243,T04,средняя,1,
10.1002/aic.12517,T14;T06,высокая,1,
10.1002/aic.15173,T04,средняя,1,
10.1002/aic.15223,T14,низкая,1,
10.1002/aic.16191,T04;T05,средняя,1,
10.1002/aic.690341202,T03,высокая,1,
10.1002/aic.690390815,T14,средняя,1,
10.1002/aic.690420120,T03,высокая,1,
10.1002/aic.690420626,T04,средняя,1,
10.1002/aic.690440516,T04,средняя,1,
10.1002/aic.690460120,T04,средняя,1,
10.1002/aic.690460517,T06;T09,высокая,1,
10.1002/aic.690470103,T06;T09,средняя,1,
10.1002/aic.690470206,T08;T07,высокая,1,
10.1002/cjce.5450650306,T09;T11,высокая,1,
10.1002/mrc.70096,T11,низкая,1,
10.1002/zamm.200510293,T14;T07,средняя,1,
10.1007/0-387-68903-6_12,T04;T05,средняя,1,
10.1007/978-1-4757-0337-5_34,T07,средняя,1,
10.1007/s10973-014-3660-3,T09,средняя,1,
10.1007/s11242-010-9626-4,T07,высокая,1,
10.1007/s11242-011-9839-1,T07,средняя,1,
10.1007/s11242-011-9887-6,T11;T10,средняя,1,
10.1007/s11242-015-0600-z,T07,высокая,1,
10.1007/s12145-023-01075-8,T15;T04,низкая,1,
10.1007/s12182-015-0071-4,T03;T05,средняя,1,
10.1007/s12182-019-00377-1,T04;T05,средняя,1,
10.1007/s12650-016-0346-x,T11,низкая,1,
10.1007/s13202-012-0043-9,T09,средняя,1,
10.1007/s13202-015-0221-7,T14;T04,средняя,1,
10.1007/s13202-016-0269-z,T14;T04,средняя,1,
10.1007/s13202-016-0276-0,T03;T06;RU,высокая,1,
10.1007/s13202-018-0480-1,T03,средняя,1,
10.1007/s13202-018-0539-z,T11;T04;RU,высокая,1,
10.1007/s13202-020-00924-2,T11;T03;RU,высокая,1,
10.1007/s13369-019-04290-y,T15;T03,средняя,1,
10.1007/s13369-025-10758-x,T15;T14,низкая,1,
10.1007/s43153-022-00296-6,T02;T04,средняя,1,
10.1016/0016-2361(94)00006-d,T06;T03,средняя,1,
10.1016/0016-2361(95)98363-j,T07,низкая,1,
10.1016/0378-3812(82)85001-2,T05,высокая,1,
10.1016/0378-3812(82)85002-4,T05,высокая,1,
10.1016/0378-3812(86)80061-9,T03,высокая,1,
10.1016/0378-3812(89)80308-5,T05;T04,средняя,1,
10.1016/0378-3812(95)02956-7,T02,средняя,1,
10.1016/0920-4105(88)90013-7,T04;T16,средняя,1,
10.1016/j.ces.2005.02.045,T09,средняя,1,
10.1016/j.ces.2018.05.062,T07,средняя,1,
10.1016/j.ces.2019.115270,,,0,"DOI из full_review (№ 98) ведет на статью об ионных жидкостях; верная работа - Fakroun, Benkreira 2019, 10.1016/j.ces.2019.115212 (включена)"
10.1016/j.egypro.2013.06.624,T11,низкая,1,
10.1016/j.fluid.2003.05.011,T03;T05,средняя,1,
10.1016/j.fluid.2005.03.029,T04,средняя,1,
10.1016/j.fluid.2005.12.043,T04,средняя,1,
10.1016/j.fluid.2006.06.002,T03,средняя,1,
10.1016/j.fluid.2015.11.003,T04;T05,средняя,1,
10.1016/j.fluid.2020.112655,T04,средняя,1,
10.1016/j.fluid.2021.113340,T04;T05,средняя,1,
10.1016/j.fluid.2022.113549,T04;T11,средняя,1,
10.1016/j.fuel.2007.12.009,T11,высокая,1,
10.1016/j.fuel.2019.03.016,T16;T04,высокая,1,
10.1016/j.fuel.2019.116250,T06;T11,средняя,1,
10.1016/j.fuel.2020.118617,T14;T04,средняя,1,
10.1016/j.fuel.2020.118871,T11;T08,высокая,1,
10.1016/j.fuel.2021.122420,T11,средняя,1,
10.1016/j.fuel.2022.123202,T11;T08,средняя,1,
10.1016/j.fuel.2023.129671,T03,средняя,1,
10.1016/j.fuel.2024.131825,T07;T11,низкая,1,
10.1016/j.fuel.2024.133423,,,0,"DOI из full_review (№ 93) ведет на статью о фурфуроле; верная работа - Mahmoudi Kouhi et al. 2024, 10.1016/j.fuel.2024.133146 (включена)"
10.1016/j.fuel.2025.136365,T10;T07,высокая,1,
10.1016/j.geoen.2024.212857,,,0,"DOI из full_review (№ 6) ведет на статью о газе угольных пластов; верная работа - Khalighi et al. 2024, 10.1016/j.rineng.2024.103483 (включена)"
10.1016/j.geoen.2024.213554,T10;T04,средняя,1,
10.1016/j.geoen.2025.213713,T15;T16,средняя,1,
10.1016/j.heliyon.2023.e22292,T08;RU,средняя,1,
10.1016/j.ijheatmasstransfer.2007.11.012,T14;T01,средняя,1,
10.1016/j.jnnfm.2012.12.005,T09;T08,высокая,1,
10.1016/j.molliq.2025.128500,,,0,"DOI из full_review (№ 92) - исправление статьи о ванадате висмута; верная работа - Yadav et al. 2025, Chem. Eng. Sci., 10.1016/j.ces.2025.122296 (включена)"
10.1016/j.petrol.2003.12.008,T10,средняя,1,
10.1016/j.petrol.2006.10.007,T11;T07,средняя,1,
10.1016/j.petrol.2017.06.064,T03;T05,высокая,1,
10.1016/j.petrol.2017.12.031,T14;T11,средняя,1,
10.1016/j.petrol.2018.01.017,T11,средняя,1,
10.1016/j.petrol.2018.02.011,T06;T03,высокая,1,
10.1016/j.petrol.2018.11.056,T11,средняя,1,
10.1016/j.petrol.2019.04.027,T11,средняя,1,
10.1016/j.petrol.2019.106186,T14;T11,средняя,1,
10.1016/j.petrol.2020.107553,T14;T04,средняя,1,
10.1016/j.petrol.2021.108594,T11;T01,высокая,1,
10.1016/j.petrol.2021.109176,T07;T08,средняя,1,
10.1016/j.petrol.2024.212763,,,0,"DOI из full_review (№ 31) не существует; верная работа - Chen et al. 2024, Energy Engineering, 10.32604/ee.2023.045270 (включена)"
10.1016/j.petsci.2022.08.008,T16;T03,средняя,1,
10.1016/j.petsci.2022.08.026,T04;T11,средняя,1,
10.1016/j.petsci.2023.10.019,T15,средняя,1,
10.1016/j.ptlrs.2025.11.001,T11;T04,низкая,1,
10.1016/j.sajce.2021.02.003,,,0,"DOI из full_review (№ 78) ведет на статью об адсорбции фенола; верная работа - Nait Amar, Jahanbani Ghahfarokhi 2021, 10.1016/j.petlm.2021.07.005 (включена)"
10.1016/s0009-2509(01)00407-9,T10;T07,высокая,1,
10.1016/s0376-7361(09)70257-2,T04,низкая,1,
10.1021/acs.cgd.5c00684,,,0,"восковые эфиры, а не н-алканы нефти - вне предмета"
10.1021/acs.energyfuels.0c02981,T16;T04,высокая,1,
10.1021/acs.energyfuels.0c03003,T07;T11,низкая,1,
10.1021/acs.energyfuels.2c01413,T04,низкая,1,
10.1021/acs.energyfuels.2c01540,T07;T11,средняя,1,
10.1021/acs.energyfuels.2c03309,T06;T11,средняя,1,
10.1021/acs.energyfuels.2c03319,T15;T04,средняя,1,
10.1021/acs.energyfuels.2c03359,T11,низкая,1,
10.1021/acs.energyfuels.3c04687,T16;T14,средняя,1,
10.1021/acs.energyfuels.4c00252,T11;T16,средняя,1,
10.1021/acs.energyfuels.4c02749,,,0,ингибирование асфальтенов наночастицами - вне границ обзора (01_scope.md)
10.1021/acs.energyfuels.5b00693,T07,высокая,1,
10.1021/acs.energyfuels.5c03230,,,0,ингибиторы на основе нанокомпозитов - вне границ обзора
10.1021/acs.energyfuels.6b00757,T04,низкая,1,
10.1021/acs.energyfuels.6b01289,T14;T11,средняя,1,
10.1021/acs.energyfuels.7b00253,T14,низкая,1,
10.1021/acs.energyfuels.7b01389,T11;T08,средняя,1,
10.1021/acs.energyfuels.7b03805,T11,низкая,1,
10.1021/acs.energyfuels.8b03239,T14;T04,средняя,1,
10.1021/acs.energyfuels.9b03296,T15;T03,средняя,1,
10.1021/acs.jced.1c00330,T05,низкая,1,
10.1021/acs.langmuir.6b02376,T11;T08,средняя,1,
10.1021/acsomega.2c05480,T11,низкая,1,
10.1021/acsomega.2c07247,T11,низкая,1,
10.1021/acsomega.4c10044,T03,низкая,1,
10.1021/acsomega.5c00439,T02;T11,средняя,1,
10.1021/ef00030a021,T03,средняя,1,
10.1021/ef00030a022,T03,высокая,1,
10.1021/ef010012l,T04,средняя,1,
10.1021/ef010072r,T03,средняя,1,
10.1021/ef101195a,T10;T08,высокая,1,
10.1021/ef300185p,T04,средняя,1,
10.1021/ef300647f,T11;T07,средняя,1,
10.1021/ef300692e,T11;T10,средняя,1,
10.1021/ef300714p,T14;T04,средняя,1,
10.1021/ef301338q,T04,средняя,1,
10.1021/ef3017392,T06;T14,средняя,1,
10.1021/ef500281s,T04,средняя,1,
10.1021/ef500282p,T07;T16,средняя,1,
10.1021/ef5020764,T04,средняя,1,
10.1021/ef700670f,T07;T11,высокая,1,
10.1021/ef800628g,T09,средняя,1,
10.1021/ef9002236,T06;T04,высокая,1,
10.1021/ef900224r,T14;T03,низкая,1,
10.1021/ef9006142,T11,высокая,1,
10.1021/ef990104z,T04;T11,средняя,1,
10.1021/ef9901185,T09,высокая,1,
10.1021/i160057a011,T05,высокая,1,
10.1021/ie0003887,T05;T04,высокая,1,
10.1021/ie00064a023,T02,средняя,1,
10.1021/ie950447u,T03,средняя,1,
10.1021/ie980340h,T03,средняя,1,
10.1021/ie990781g,T10;T04,высокая,1,
10.1021/je60008a036,T04,низкая,1,
10.1021/la035339o,T04,средняя,1,
10.1021/la050705k,T09,средняя,1,
10.1038/s41598-020-71065-z,T11;T08,высокая,1,
10.1038/s41598-022-23596-w,T04,низкая,1,
10.1038/s41598-024-54395-0,T11,средняя,1,
10.1039/c4sm00578c,T09,высокая,1,
10.1051/e3sconf/202235201075,T11,средняя,1,
10.1063/1.4927221,T14,низкая,1,
10.1063/5.0251349,T10;T04,средняя,1,
10.1063/5.0276315,T15;T14,средняя,1,
10.1063/5.0332781,T10;T04,средняя,1,
10.1080/10916466.2011.588642,T11,высокая,1,
10.1080/10916466.2015.1107846,T10;T07,средняя,1,
10.1080/10916466.2018.1536713,T11,низкая,1,
10.1080/10916466.2018.1539755,T06,средняя,1,
10.1080/10916469808949783,T04,средняя,1,
10.1080/12269328.2014.959623,T10;T01,высокая,1,
10.1103/physreva.42.4772,T09,средняя,1,
10.1103/physreve.95.013110,T07;T08,средняя,1,
10.1103/physrevfluids.9.024301,T07;T08,средняя,1,
10.1103/physrevlett.122.245502,T09;T08,высокая,1,
10.1115/1.1924465,T10;T07,высокая,1,
10.1115/1.1924466,T10;T11,высокая,1,
10.1126/sciadv.abc2530,T07;T11,высокая,1,
10.1134/s199508022208025x,T10;T01;RU,высокая,1,
10.1155/2021/6626114,T11,низкая,1,
10.1155/2022/2845221,T14,низкая,1,
10.1155/2023/1173505,T14,низкая,1,
10.1177/00368504261428354,T11;T01,средняя,1,
10.1177/01445987251343732,T16;T14,средняя,1,
10.17122/ntj-oil-2024-4-74-95,T04;T11;RU,средняя,1,
10.18799/24131830/2023/4/3940,T16;RU,средняя,1,
10.2118/10691-ms,T02,средняя,1,
10.2118/11202-pa,T04,высокая,1,
10.2118/121414-ms,T11,средняя,1,
10.2118/12233-pa,T02,высокая,1,
10.2118/1340-pa,T02,низкая,1,
10.2118/15654-pa,T14;T03,средняя,1,
10.2118/16258-ms,T04,средняя,1,
10.2118/163587-ms,T10;T04,средняя,1,
10.2118/163664-ms,T12,средняя,1,
10.2118/165148-pa,T08,высокая,1,
10.2118/169121-ms,T10;T14,средняя,1,
10.2118/169401-ms,T10;T13,средняя,1,
10.2118/18273-pa,T04;T11,высокая,1,
10.2118/185370-ms,T13;T04,средняя,1,
10.2118/187053-ms,,,0,"доклад заменен журнальной версией Mohammadzadeh et al. 2018, SPE J, 10.2118/187053-pa"
10.2118/193932-ms,T13;T01,высокая,1,
10.2118/20051-pa,T09;T12,высокая,1,
10.2118/2008-087,T11,низкая,1,
10.2118/214805-pa,T10;T04,средняя,1,
10.2118/24069-pa,T10;T01,высокая,1,
10.2118/26548-ms,T14,средняя,1,
10.2118/26642-ms,T04;T05,высокая,1,
10.2118/27629-pa,T03,высокая,1,
10.2118/29111-ms,T12;T02,средняя,1,
10.2118/36740-pa,T03,высокая,1,
10.2118/37250-ms,T11,высокая,1,
10.2118/50746-ms,T10;T07,высокая,1,
10.2118/50963-pa,T11,средняя,1,
10.2118/64991-ms,T10,средняя,1,
10.2118/65376-ms,T04,низкая,1,
10.2118/6721-pa,T02;T05,средняя,1,
10.2118/74686-pa,T03,средняя,1,
10.2118/80266-ms,T11;T01,средняя,1,
10.2118/82230-ms,T07,средняя,1,
10.2118/8430-pa,T07,высокая,1,
10.2118/85673-ms,T04,средняя,1,
10.2118/8788-pa,T14,средняя,1,
10.2118/89437-ms,T10,высокая,1,
10.2118/952327-g,T05,средняя,1,
10.2118/95515-ms,T11,средняя,1,
10.2118/pw0043,,,0,энциклопедическая статья PetroWiki без авторов; первичные источники цитируются напрямую
10.2139/ssrn.5335415,T11,средняя,1,
10.22050/ijogst.2022.327070.1626,,,0,DOI не зарегистрирован в Crossref; работа учтена как m:mahmoudi2022 (manual.csv)
10.2298/tsci230729069y,,,0,теплообмен в резервуаре хранения нефти - вне предмета
10.2516/ogst/2018039,T10;T04,высокая,1,
10.2516/ogst/2018084,T11,средняя,1,
10.2516/ogst/2020041,T11,низкая,1,
10.2516/ogst:2007083,T04;T07,высокая,1,
10.29047/01225383.251,T07;T11,высокая,1,
10.31084/2619-0087/2026-1-9,T10;RU,средняя,1,
10.32604/fdmp.2023.041825,T10;T04,средняя,1,
10.3390/app16178546,T10;T01,высокая,1,
10.3390/en17092080,,,0,течение парафинистой нефти в трубопроводе без отложений в пористой среде - вне предмета
10.3390/en17102415,T11,низкая,1,
10.3390/en19071777,T11,низкая,1,
10.3390/eng7040184,T10;T01,высокая,1,
10.3390/fluids6100341,T12,средняя,1,
10.3390/math10244674,T01;RU,средняя,1,
10.3390/pr12020421,T11;T09,высокая,1,
10.3390/su15129616,T14;RU,низкая,1,
10.3997/2214-4609.201701511,T04;T05,средняя,1,
10.3997/2214-4609.201802189,T10;RU,высокая,1,
10.3997/2214-4609.202011432,T13;T04,средняя,1,
10.3997/2214-4609.202032021,T15,низкая,1,
10.4028/p-zjxnt3,,,0,течение в трубе без отложений - вне предмета
10.6028/jres.066a.024,T03,средняя,1,
10.7623/syxb202307009,,,0,DOI не найден в Crossref и OpenAlex; работа учтена как m:wang2023syxb со статусом [НЕ ПРОВЕРЕНО]
10.1007/bf03184614,T01,высокая,1,
10.2118/80-03-04,T01,высокая,1,
10.2118/942107-g,T01;T12,высокая,1,
10.2118/1266-g,T01,средняя,1,
10.1016/s0016-0032(29)91186-8,T01,средняя,1,
10.1007/978-3-319-49562-0,T01;T16,средняя,1,
10.1007/978-1-4612-4254-3,T01;T16,средняя,1,
10.2118/6724-pa,T01;T13,средняя,1,
10.2118/8394-pa,T01;T13,средняя,1,
10.2118/182685-pa,T13;T12,средняя,1,
10.1016/j.jcp.2017.02.041,T12;T13,средняя,1,
10.1021/i200024a027,T02,средняя,1,
10.1201/9781420018257,T02;T05,средняя,1,
10.1016/0378-3812(84)80013-8,T05,средняя,1,
10.2118/26604-ms,T03,средняя,1,
10.2118/78324-ms,T03,средняя,1,
10.1016/j.fuel.2006.11.003,,,0,"DOI ошибочно подобран при поиске (ведет на статью о биодизеле); работа Dalirsefat, Feyzi 2007 по названию не найдена"
10.1021/ef00030a019,T03;T06,средняя,1,
10.1021/ie050041k,,,0,"DOI не найден ни в OpenAlex, ни в Crossref"
10.1081/lft-120018544,T04;T05,средняя,1,
10.1021/ef049782y,T04;T05,средняя,1,
10.1021/ef9009857,T04;T05,средняя,1,
10.1021/ef900975e,T04,средняя,1,
10.1016/s0920-4105(98)00057-6,T04,средняя,1,
10.1080/01932691.2015.1065418,T04;T16,средняя,1,
10.1021/ef200785v,T14;T04,средняя,1,
10.1021/ef8006678,T04;T05,средняя,1,
10.1016/j.petrol.2010.11.017,T10,высокая,1,
10.1016/j.fuel.2013.09.050,,,0,DOI ошибочно подобран при поиске (газификация кокса); верный DOI Kord et al. 2014 - 10.1016/j.fuel.2013.09.038 (включен)
10.2118/170092-pa,T05;T01,средняя,1,
10.1016/0378-3812(82)80002-2,T05,средняя,1,
10.1016/0009-2509(72)80096-4,T05,средняя,1,
10.2118/117752-pa,T05,средняя,1,
10.1063/1.1750380,T06,высокая,1,
10.2118/54021-pa,T11;T14,средняя,1,
10.1016/0016-2361(96)00046-4,T06;T03,средняя,1,
10.1081/lft-200035541,T06;T03,средняя,1,
10.1021/ie50725a003,T07,средняя,1,
10.1002/aic.690250502,T07,средняя,1,
10.1021/es60058a005,T07,средняя,1,
10.1021/es034049r,T07,средняя,1,
10.1002/aic.690220316,T07,средняя,1,
10.1007/s11242-008-9228-6,T07,средняя,1,
10.2118/28489-pa,T07,средняя,1,
10.1007/978-94-015-9074-7,T07;T16,средняя,1,
10.1016/c2014-0-01087-8,T07;T16,высокая,1,
10.1002/aic.690331007,T07,средняя,1,
10.1017/s0022112087002155,T07,средняя,1,
10.1017/s0022112077000111,T07,средняя,1,
10.1002/aic.690010222,T07,средняя,1,
10.1002/cjce.5450600213,T07,средняя,1,
10.1002/andp.19053220806,T07,средняя,1,
10.2118/18462-pa,T07,средняя,1,
10.1021/ja02242a004,T07,средняя,1,
10.1016/s0263-8762(97)80003-2,T08,средняя,1,
10.2118/574-g,T08,высокая,1,
10.1103/revmodphys.45.574,T08,высокая,1,
10.1016/s1359-0294(01)00084-x,T08,средняя,1,
10.1017/9781316145098,T08;T16,средняя,1,
10.1029/2003wr002627,T08,средняя,1,
10.2118/949039-g,T08,средняя,1,
10.1029/96wr01776,T08,средняя,1,
10.1103/physrevlett.66.1169,T08;T07,средняя,1,
10.1016/0009-2509(91)80158-t,,,0,"DOI не найден ни в OpenAlex, ни в Crossref"
10.1002/aic.690341102,T08;T07,средняя,1,
10.1016/j.jconhyd.2016.07.002,T08;T16,средняя,1,
10.1007/s11242-018-1086-2,T08;T16,высокая,1,
10.1029/jb093ib02p01159,T08,средняя,1,
10.2475/ajs.s3-45.266.87,T09,средняя,1,
10.1122/1.548848,T09,средняя,1,
10.1002/aic.690370609,,,0,"DOI ошибочно подобран при поиске (транспорт пульпы); верный DOI Wardhaugh, Boger 1991 - 10.1002/aic.690370610 (включен)"
10.1021/ie970588r,T09,средняя,1,
10.1016/s0016-2361(02)00222-3,T09;T06,средняя,1,
10.1007/s00397-013-0699-1,T09,средняя,1,
10.1140/epje/i2013-13139-3,T09;T08,средняя,1,
10.1016/j.polymer.2010.07.047,T09;T16,средняя,1,
10.2118/39446-ms,T10,средняя,1,
10.1201/b18482,T14;T16,средняя,1,
10.2118/4411-pa,T11,высокая,1,
10.2118/38776-ms,T11;T14,средняя,1,
10.2118/10528-pa,T12,высокая,1,
10.2118/6893-pa,T12,средняя,1,
10.2118/978-g,T12,средняя,1,
10.2118/1518-g,T12,средняя,1,
10.2118/65092-pa,T12,высокая,1,
10.2118/84924-pa,T12,высокая,1,
10.1137/1.9780898718942,T12;T16,высокая,1,
10.1017/9781108591416,T13;T12,высокая,1,
10.1017/9781009019781,T13,средняя,1,
10.1016/j.camwa.2020.05.014,T13,средняя,1,
10.1016/j.camwa.2020.02.012,T13,средняя,1,
10.1007/s10596-020-10002-5,T13,средняя,1,
10.21105/joss.06973,T13,средняя,1,
10.1145/2833157.2833162,T13,высокая,1,
10.1038/s41586-020-2649-2,T13,средняя,1,
10.1038/s41592-019-0686-2,T13,средняя,1,
10.1137/1.9780898718003,T12,средняя,1,
10.6028/jres.049.044,T12,средняя,1,
10.1090/s0025-5718-1977-0431719-x,T12,средняя,1,
10.1137/1.9781611971057.ch4,T12,средняя,1,
10.1016/s0377-0427(00)00516-1,T12,средняя,1,
10.1007/bf02238488,T12,высокая,1,
10.1007/bf02238511,T12,средняя,1,
10.2118/12265-ms,T12,средняя,1,
10.2118/13536-ms,T12,средняя,1,
10.2118/96809-ms,T12,средняя,1,
10.2118/163608-pa,T12,средняя,1,
10.1016/s0045-7825(98)00012-7,T12,высокая,1,
10.2118/72469-pa,T13,средняя,1,
10.2118/9723-pa,T13,средняя,1,
10.1016/s0021-9991(03)00075-5,T12,средняя,1,
10.1017/cbo9780511791253,T12,средняя,1,
10.1007/bf01448839,T12,средняя,1,
10.1016/s1570-8659(00)07005-8,T12,средняя,1,
10.1023/a:1021291114475,T12,средняя,1,
10.1017/cbo9780511760396,T13,средняя,1,
10.1016/j.jcp.2018.10.045,T15,средняя,1,
10.1615/jmachlearnmodelcomput.2020033905,T15,средняя,1,
10.1016/j.advwatres.2022.104180,T15,низкая,1,
10.1038/s42256-021-00302-5,T15,низкая,1,
10.1016/j.jcp.2020.109456,T15,низкая,1,
10.1016/j.petrol.2020.107273,T15,низкая,1,
10.1021/ie050325u,T09,средняя,1,
10.1016/j.fuel.2013.09.038,T10;T08,высокая,1,
10.1016/0009-2509(91)80158-u,T08;T07,средняя,1,
10.1002/aic.690370610,T09,средняя,1,
10.1016/j.petlm.2021.07.005,T15,средняя,1,
10.1016/j.fuel.2024.133146,T15,низкая,1,
10.1016/j.rineng.2024.103483,T15,низкая,1,
10.1016/j.ces.2025.122296,T15,низкая,1,
10.1016/j.ces.2019.115212,T09,средняя,1,
10.32604/ee.2023.045270,T15,низкая,1,
10.1002/jccs.201700329,T15,низкая,1,
10.2118/221598-ms,T15,низкая,1,
10.1080/10916466.2011.565295,T10;T01,высокая,1,
10.1016/j.compchemeng.2013.12.008,T13;T01,высокая,1,
10.2118/205028-pa,T10;T06,высокая,1,
10.1080/10916466.2011.585366,T08;T07,средняя,1,
10.2516/ogst/2013128,T11;T07,средняя,1,
10.1021/acs.jpcc.8b11012,T08,низкая,1,
10.1039/c7lc01377a,T08,низкая,1,
10.1021/es5013438,T08,низкая,1,
10.1007/s10706-013-9704-9,T08,низкая,1,
10.1016/j.petrol.2019.04.059,T06;T03,средняя,1,
10.1088/1742-6596/1276/1/012058,T14,низкая,1,
10.1021/acs.energyfuels.8b04286,T15,средняя,1,
10.1021/acs.energyfuels.9b04030,T04;T05,средняя,1,
10.3390/en19051309,T03;T11,средняя,1,
10.3390/en12224325,T14,низкая,1,
10.1016/j.petlm.2019.09.004,T14,низкая,1,
10.2516/ogst/2019037,T04;T10,средняя,1,
10.1134/s1995080224602303,T10;T04;RU,высокая,1,
10.23877/ms.ts.26.007,T01;T10;RU,высокая,1,
10.2118/187053-pa,T11,высокая,1,
10.1016/j.petrol.2018.10.058,T10,средняя,1,
10.1016/j.petrol.2019.106512,T08,средняя,1,
10.1002/cjce.23238,T11,средняя,1,
10.1016/j.energy.2023.129210,T08;T11,средняя,1,
10.2118/205510-pa,T10;T15,средняя,1,
10.1016/j.geoen.2024.213507,T10;T12,средняя,1,
10.1016/s1876-3804(22)60338-0,T10;T04;RU,средняя,1,
10.1016/j.fuel.2018.07.079,T08,средняя,1,
10.1016/j.fluid.2015.03.045,T10;T12,высокая,1,
10.1016/j.ijheatmasstransfer.2021.121889,T10;T08,средняя,1,
10.1021/acs.iecr.9b02740,T05;T04,средняя,1,
10.1016/j.fuel.2021.121776,T12;T10,средняя,1,
10.2118/156555-pa,T10;T14,высокая,1,
10.1016/j.petrol.2021.108972,T14;T10,средняя,1,
10.1016/j.petrol.2020.107213,T10;T14,средняя,1,
10.18799/24056537/2020/1/249,T10;T04;RU,средняя,1,
10.1016/j.petlm.2023.04.001,T04;T16,средняя,1,
10.1021/acsomega.1c03198,T11;T16,средняя,1,
10.1080/10916466.2018.1482335,T11,средняя,1,
10.1016/j.fuel.2019.02.057,T07,средняя,1,
10.1016/j.petrol.2017.11.021,T11,средняя,1,
10.1002/apj.2080,T11,средняя,1,
10.2118/212310-pa,T04;T16,средняя,1,
10.3390/en15114018,T14,низкая,1,
10.1007/s12517-022-10295-z,T03,низкая,1,
10.1021/acs.energyfuels.7b01347,T11,низкая,1,
10.1016/j.petsci.2026.08.009,T10;T01,высокая,1,
10.1016/j.fuel.2024.133001,T09;T11,высокая,1,
10.1063/5.0201385,T09,средняя,1,
10.3390/pr14020230,T11,средняя,1,
10.1007/s13202-025-02056-x,T11,средняя,1,
10.15593/2712-8008/2021.2.6,T11;T03;RU,высокая,1,
10.1016/s1876-3804(14)60059-8,T03;T11,средняя,1,
10.2118/107857-ms,T07;T16,средняя,1,
10.1016/b978-0-12-801898-9.00017-5,T10;T16,средняя,1,
10.1016/b978-0-12-813782-6.00006-3,T10;T16,низкая,1,
10.2516/ogst:2006037a,T04;T16,средняя,1,
10.1021/acs.energyfuels.7b01170,T06;T04,средняя,1,
10.1007/s13202-019-00811-5,T04;T16,средняя,1,
10.26153/tsw/13507,T13;T10,средняя,1,
10.11575/prism/26067,T07;T11,средняя,1,
10.25560/45663,T11;T04,средняя,1,
10.1007/s12182-016-0111-8,T02;RU,средняя,1,
10.1007/s13202-019-00779-2,T09;RU,средняя,1,
10.1016/j.petsci.2022.08.028,T03;T04,средняя,1,
10.1021/acsomega.9b03460,T04;T03,средняя,1,
10.1007/s13202-019-0609-x,T14;T16,средняя,1,
10.1016/j.ceja.2021.100104,T14;T16,низкая,1,
10.3390/en16186727,T15;T16,средняя,1,
10.2118/39083-ms,T10;T01;RU,высокая,1,
10.22616/erdev.2024.23.tf219,T01;T11,низкая,1,
10.21779/2542-0321-2019-34-1-32-39,T10;T09;RU,средняя,1,
10.3390/eng7030116,T16;RU,средняя,1,
10.2298/tsci21s2315a,T01;RU,низкая,1,
10.17804/2410-9908.2025.3.031-042,T01;RU,низкая,1,
10.1002/nla.542,T12,средняя,1,
10.21105/joss.04142,T13,средняя,1,
10.1007/978-94-015-7899-8,T01;RU,средняя,1,
10.7242/1999-6691/2013.6.1.6,,,0,догадка о DOI не подтвердилась; работа учтена как m:nikiforov2013 по URL журнала
10.1021/ie030573v,T14,средняя,1,
10.1021/ef060385s,T06;T09,средняя,1,
10.1021/ef034013k,T09;T04,средняя,1,
10.1021/ef0100303,T04;T03,средняя,1,
10.1016/0017-9310(94)90219-4,T01,высокая,1,
10.1016/0017-9310(78)90080-7,T01,средняя,1,
10.2118/732-g,T12,средняя,1,
10.2118/203-g,T12,средняя,1,
10.1007/s13202-020-00941-1,T15,низкая,1,
10.1038/s41598-023-45685-0,T15,средняя,1,
10.1016/j.rineng.2026.110481,T15;T04,низкая,1,
10.1155/ijce/2664958,T15,низкая,1,
10.1515/zpch-1918-9209,T06;T07,высокая,1,
10.2118/218015-pa,T13,средняя,1,
10.1002/gdj3.21,T13,низкая,1,
10.1007/s10596-020-10003-4,T13,низкая,1,
10.2172/751729,T01;T13,высокая,1,
10.3997/2214-4609.202437086,T13,средняя,1,
10.1007/s10596-025-10366-6,T13;T15,средняя,1,
10.1021/ef049819e,T06;T04,средняя,1,
10.1021/acs.cgd.6b00499,T06,средняя,1,
10.1016/j.advwatres.2020.103524,T08,средняя,1,
10.1016/j.apm.2020.06.037,T08,средняя,1,
10.15372/pmtf20210608,T10;T01;RU,высокая,1,
10.15372/khur2023462,T02;T09;RU,средняя,1,
10.37878/2708-0080/2022-4.09,T03,средняя,1,
10.1016/0378-3812(94)02600-6,T03,средняя,1,
10.1016/s0378-3812(98)00366-5,T03;T11,средняя,1,
10.1016/s0376-7361(08)x7008-6,T02;T16,средняя,1,
10.1016/s0017-9310(02)00014-5,T08,средняя,1,
10.1016/s0378-3812(99)00155-7,T03;T11,средняя,1,
10.1021/ie960512f,T02;T05,средняя,1,
10.1023/a:1018832120659,T10;T01;RU,средняя,1,
10.7242/1999-6691/2023.16.2.14,T07;RU,средняя,1,
10.7242/1999-6691/2025.18.3.18,T08;RU,средняя,1,
10.1002/cjce.20577,T07,средняя,1,
10.37878/2708-0080/2026-3.09,T11;T03;RU,высокая,1,
10.1016/j.ptlrs.2026.07.003,T10;T04;RU,средняя,1,
10.2118/0323-0093-jpt,T14,средняя,1,
10.1080/10916466.2023.2239284,T14,средняя,1,
10.1016/j.uncres.2025.100243,T16,средняя,1,
10.30632/pjv64n1-2023a8,T01,средняя,1,
10.52716/jprs.v16i1.1023,T14,средняя,1,
10.1080/10916466.2022.2091597,T03,средняя,1,
10.48072/2525-7579.rog.2022.452,T03,средняя,1,
10.1016/j.fluid.2022.113590,T04,средняя,1,
10.1007/s43153-023-00335-w,T04,средняя,1,
10.3390/app16136437,T04;T05,средняя,1,
10.31699/ijcpe.2024.4.1,T04,средняя,1,
10.31026/j.eng.2025.01.03,T04,средняя,1,
10.1021/acsomega.2c03192,T15;T04,средняя,1,
10.2118/214698-pa,T04,средняя,1,
10.3390/pr13061838,T04,средняя,1,
10.1016/j.petlm.2026.06.006,T04,средняя,1,
10.3390/su16104303,T04,средняя,1,
10.2118/210592-pa,T04,средняя,1,
10.1016/j.cis.2025.103488,T06;T04;T16,высокая,1,
10.1134/s0965544125601024,T06;T04;RU,средняя,1,
10.29222/ipng.2078-5712.2024-15-4.art2,T04;T11;RU,средняя,1,
10.1007/s11696-024-03784-w,T04;T15,средняя,1,
10.1016/j.fuel.2025.136285,T06,средняя,1,
10.1016/j.csite.2022.102298,T06,средняя,1,
10.1038/s41598-024-69503-3,T06,средняя,1,
10.1016/j.ejpe.2022.07.003,T04,средняя,1,
10.1016/j.jfueco.2023.100096,T04,средняя,1,
10.1016/j.geoen.2023.212225,T07;T15,средняя,1,
10.1016/j.cep.2026.110724,T04,средняя,1,
10.1016/j.powtec.2023.119272,T07;T15,средняя,1,
10.1016/j.ces.2022.118217,T07,средняя,1,
10.1016/j.watres.2022.118172,T07,средняя,1,
10.1029/2022wr033537,T07,высокая,1,
10.1103/physrevfluids.9.114301,T16,высокая,1,
10.1007/s11242-026-02318-0,T07,средняя,1,
10.1016/j.cis.2025.103745,T16,средняя,1,
10.3390/geotechnics5010002,T16,высокая,1,
10.1016/j.compgeo.2025.107759,T08,средняя,1,
10.1016/j.compgeo.2026.108292,T08,средняя,1,
10.46690/ager.2025.11.02,T08,средняя,1,
10.1007/s11242-024-02072-1,T07,средняя,1,
10.1016/j.jhydrol.2026.135602,T08;T15,средняя,1,
10.1016/j.jnnfm.2023.105104,T09,средняя,1,
10.1063/5.0333161,T08,высокая,1,
10.1615/jpormedia.2025056714,T16,высокая,1,
10.1016/j.sctalk.2022.100042,T09,средняя,1,
10.1016/j.jnnfm.2023.105155,T08,средняя,1,
10.1016/j.petsci.2026.01.035,T09,средняя,1,
10.1016/j.rineng.2026.111610,T09,средняя,1,
10.1016/j.jnnfm.2022.104793,T03,средняя,1,
10.1016/j.jcp.2023.112442,T16,средняя,1,
10.2118/208610-pa,T12;T16,средняя,1,
10.1007/s10596-024-10292-z,T01,средняя,1,
10.1080/12269328.2025.2462903,T12,средняя,1,
10.1016/j.advengsoft.2026.104215,T16,средняя,1,
10.46690/ager.2025.05.04,T13,средняя,1,
10.1016/j.jcp.2024.113558,T16,средняя,1,
10.3390/geosciences15050169,T16,средняя,1,
10.1002/aic.18374,T14;T06,высокая,1,
10.1002/cjce.25772,T14,средняя,1,
10.1016/j.petrol.2022.110929,T14,средняя,1,
10.1016/j.apenergy.2022.120197,T10;T04,средняя,1,
10.1016/j.powtec.2024.120284,T07,средняя,1,
10.1016/j.egyr.2025.04.001,T04,средняя,1,
10.1016/j.petrol.2022.111277,T04,средняя,1,
10.1016/j.fuel.2023.129111,T14,средняя,1,
10.3390/en15176200,T14,средняя,1,
10.1021/acs.energyfuels.4c00502,T04,средняя,1,
10.1021/acs.energyfuels.2c01064,T04,средняя,1,
10.1016/j.heliyon.2024.e38436,T04,средняя,1,
10.1021/acs.energyfuels.2c01340,T04,средняя,1,
10.1016/j.fuel.2022.123589,T06,средняя,1,
10.1016/j.petsci.2026.09.012,T08;T04,средняя,1,
10.3390/en19184481,T04,средняя,1,
10.1016/j.energy.2022.126296,T15,средняя,1,
10.1016/j.fuel.2024.132703,T15,средняя,1,
10.1063/5.0253146,T15,средняя,1,
10.1063/5.0311306,T15,средняя,1,
10.1063/5.0272866,T15,средняя,1,
10.1016/j.advwatres.2024.104731,T15,средняя,1,
10.69631/ipj.v2i3nr67,T15,средняя,1,
10.1016/j.cageo.2024.105725,T05;T12,средняя,1,
10.2118/223947-pa,T05;T12,средняя,1,
10.1134/s1995080226618424,T10;T01;T08;RU,высокая,1,
10.21684/2411-7978-2023-9-1-6-21,T01;RU,средняя,1,
10.18799/24131830/2026/6/5157,T01;T11;RU,средняя,1,
10.32737/0005-2531-2021-2-13-23,T16;T14,средняя,1,
10.3390/app132111821,T11;RU,средняя,1,
10.1002/dug2.70020,T11;RU,средняя,1,
10.1016/j.ptlrs.2026.03.004,T11;RU,средняя,1,
10.3390/en12060967,T14,средняя,1,
10.1016/j.ptlrs.2020.04.002,T04,средняя,1,
10.1038/s41598-026-55015-9,T04,средняя,1,
10.1007/s13202-018-0533-5,T04,средняя,1,
10.37394/232013.2023.18.20,T07,средняя,1,
10.1134/s1990478920030102,T07;RU,средняя,1,
10.3390/sym12050696,T07,средняя,1,
10.3390/app10082793,T07,средняя,1,
10.37878/2708-0080/2026-1.11,T07;RU,средняя,1,
10.3390/computation10120205,T16,средняя,1,
10.1016/j.fuel.2026.140668,T04,средняя,1,
10.2118/234703-pa,T04,средняя,1,
10.2118/232223-ms,T04,средняя,1,
10.1016/j.fuel.2026.139686,T04,средняя,1,
10.1016/j.advwatres.2026.105335,T07;RU,средняя,1,
10.1016/j.applthermaleng.2026.130935,T07,средняя,1,
10.1063/5.0294684,T07,средняя,1,
10.1021/acs.energyfuels.5c00840,T04,средняя,1,
10.1016/j.jiec.2025.10.032,T04,средняя,1,
10.1002/ese3.2027,T01,средняя,1,
10.2118/223951-pa,T04,средняя,1,
10.1016/j.geoen.2024.213050,T01,средняя,1,
10.1016/j.applthermaleng.2024.123217,T04,средняя,1,
10.3389/fenrg.2024.1399477,T07,средняя,1,
10.1029/2023wr035456,T08;T07,высокая,1,
10.1016/j.jhydrol.2024.132483,T07,средняя,1,
10.1016/j.cej.2023.145436,T07,средняя,1,
10.3390/en16083523,T07,средняя,1,
10.1016/j.jhydrol.2023.130066,T07;T01,средняя,1,
10.1080/10916466.2023.2210164,T04,средняя,1,
10.2523/iptc-22974-ms,T04,средняя,1,
10.1016/j.fuel.2023.128835,T04,средняя,1,
10.1016/j.colsurfa.2023.132467,T07,средняя,1,
10.3103/s0027133023060018,T07;RU,высокая,1,
10.1016/j.fuel.2022.124057,T07,средняя,1,
10.1016/j.petrol.2022.110241,T04,средняя,1,
10.1007/s42860-022-00178-5,T07;T04,средняя,1,
10.1016/j.petrol.2022.110134,T04,средняя,1,
10.1016/j.molliq.2022.119312,T07,средняя,1,
10.1021/acs.energyfuels.2c00884,T04,средняя,1,
10.1021/acsomega.2c03249,T04,средняя,1,
10.1016/j.fuel.2022.126578,T07,средняя,1,
10.3390/en15082845,T07;RU,средняя,1,
10.1016/j.fuel.2022.124887,T07,средняя,1,
10.1021/acs.energyfuels.1c01837,T04,средняя,1,
10.1002/cjce.24059,T04,средняя,1,
10.1002/cjce.24247,T04,средняя,1,
10.1021/acsomega.1c03759,T13,средняя,1,
10.1016/j.petrol.2021.108486,T14,средняя,1,
10.1021/acs.energyfuels.1c02550,T07,средняя,1,
10.1016/j.fuel.2021.120584,T07,средняя,1,
10.1134/s0965544121110219,T05,средняя,1,
10.1007/s13202-021-01233-y,T04,средняя,1,
10.2118/205368-pa,T07,средняя,1,
10.1016/j.advwatres.2021.103888,T08,средняя,1,
10.1016/j.energy.2021.122507,T07;T01,средняя,1,
10.1016/j.petrol.2021.109500,T16,средняя,1,
10.2118/225-g,T08;T01,высокая,1,
10.1021/es025899u,T07;T08,средняя,1,
10.1021/ie50571a039,T07,средняя,1,
10.13182/nse70-a18874,T07,средняя,1,
10.1016/0009-2509(75)80065-0,T07,средняя,1,
10.2118/30672-ms,T07,средняя,1,
10.1016/j.ijheatmasstransfer.2009.01.049,T07,средняя,1,
10.1002/j.1551-8833.1937.tb14014.x,T07,высокая,1,
10.1016/j.petrol.2009.06.016,T07,средняя,1,
10.1016/c2013-0-04548-3,T07,средняя,1,
10.2118/24987-pa,T16,средняя,1,
10.1016/s0920-4105(96)00059-9,T04,средняя,1,
10.2118/23810-pa,T04,средняя,1,
10.1021/ef2012744,T04,средняя,1,
10.2118/17376-pa,T16,средняя,1,
10.1016/j.fuel.2011.09.028,T04,средняя,1,
10.1021/ef980201c,T04,средняя,1,
10.1016/s0022-1694(98)00169-3,T16,средняя,1,
10.1002/9781118086810,T07;T16,средняя,1,
10.2118/36106-pa,T04;T05,высокая,1,
10.1021/ef00030a020,T03,средняя,1,
10.1115/1.1924398,T07;T01,высокая,1,
10.1007/s11242-010-9557-0,T07;T01,высокая,1,
10.1016/j.petrol.2016.09.041,T06,средняя,1,
10.1016/j.fuel.2023.129676,T14,средняя,1,
10.1080/08843759608947560,T03;T04,высокая,1,
10.1016/j.fuproc.2016.02.005,T14,средняя,1,
10.1016/j.fuel.2021.120358,T14,средняя,1,
10.2118/31101-ms,T07;T10,средняя,1,
10.2118/13796-ms,T04,средняя,1,
10.1007/s11242-005-5175-7,T07,средняя,1,
10.2118/134670-ms,T01;T13,высокая,1,
10.1007/978-3-540-71339-5,T07,средняя,1,
10.2118/48996-ms,T10;T04,средняя,1,
10.2516/ogst:1998027,T04,средняя,1,
10.1016/j.petrol.2005.11.010,T07,средняя,1,
10.1023/b:mecc.0000046444.98941.3c,T03,средняя,1,
10.1146/annurev-anchem-061010-113849,T04,средняя,1,
10.1021/j150398a001,T07,средняя,1,
10.1016/0016-2361(73)90040-9,T04,средняя,1,
10.1021/ef2009474,T14,средняя,1,
10.2118/384-g,T03,средняя,1,
m:rogachev2019,T11;T03;RU,высокая,1,
m:nikiforov1998,T07;T08;RU,высокая,1,
m:nikiforov2013,T07;RU,средняя,1,
m:chekalyuk1965,T01;RU,средняя,1,
m:rubinshtein1972,T01;RU,средняя,1,
m:barenblatt1984,T01;T09;RU,средняя,1,
m:sandyga2022diss,T11;T10;RU,высокая,1,
m:khaibullina2019,T14;RU,низкая,1,
m:aleksandrov2022,T14;T09;RU,средняя,1,
m:sobin2015,T11;RU,низкая,1,
m:abileva2025,T01;T11;RU,средняя,1,
m:yushchenko2016,T05;RU,средняя,1,
m:efimov2023,T03;T04;RU,средняя,1,
m:ochieng2024,T14,низкая,1,
m:do2021,T14;T11,средняя,1,
m:maloney2004,T11;T01,высокая,1,
m:mahmoudi2022,T11,низкая,1,
m:wang2023syxb,T11;T09,средняя,1,
m:avdonin1967,T01;T11;RU,средняя,1,
m:kovalev1968,T11;RU,низкая,1,
m:notay2010,T12,средняя,1,
m:aziz1979,T12;T01,высокая,1,
m:peaceman1977,T12,средняя,1,
m:trottenberg2001,T12,средняя,1,
m:michelsen2007,T05,средняя,1,
m:wakao1982,T01,средняя,1,
m:whitson2000,T02;T05,средняя,1,
m:kozeny1927,T08,средняя,1,
m:buckingham1921,T09,средняя,1,
m:corey1954,T01,средняя,1,
m:kesler1976,T02,низкая,1,
m:tronov1970,T14;RU,низкая,1,
m:persiyantsev2000,T14;RU,низкая,1,
m:devlikamov1975,T09;RU,средняя,1,
m:sw_mrst,T13,высокая,1,
m:sw_opm,T13,средняя,1,
m:sw_dumux,T13,средняя,1,
m:sw_darts,T13,средняя,1,
m:sw_jutul,T13;T15,средняя,1,
m:sw_porepy,T13,низкая,1,
m:sw_geos,T13,низкая,1,
m:sw_moose,T13,низкая,1,
m:sw_pyamg,T13;T12,средняя,1,
m:sw_numba,T13,высокая,1,
m:montero2020,T14,низкая,1,
m:dementev2020,T14;T11;RU,низкая,1,
m:kislitsyn2015,T03;T06;RU,средняя,1,
m:musakaev2001,T14;T06;RU,низкая,1,
m:markin2011,T06;T14;RU,средняя,1,
m:adeyanju2011,T10;T07,средняя,1,
m:mousavi2008,T03;T05,низкая,1,
m:kazbaev2023,T02;T11;RU,низкая,1,
m:ilyin2007,T02;RU,низкая,1,
m:lobanov2023,T14;RU,низкая,1,
m:ryskeldi2021,T14;RU,низкая,1,
m:pustogov2011,T11;T10;RU,средняя,1,
