id,reason
10.1016/j.sajce.2021.02.003,"DOI из full_review (№ 78) ведет на статью об адсорбции фенола; верная работа - Nait Amar, Jahanbani Ghahfarokhi 2021, 10.1016/j.petlm.2021.07.005 (включена)"
10.1016/j.fuel.2024.133423,"DOI из full_review (№ 93) ведет на статью о фурфуроле; верная работа - Mahmoudi Kouhi et al. 2024, 10.1016/j.fuel.2024.133146 (включена)"
10.1016/j.geoen.2024.212857,"DOI из full_review (№ 6) ведет на статью о газе угольных пластов; верная работа - Khalighi et al. 2024, 10.1016/j.rineng.2024.103483 (включена)"
10.1016/j.molliq.2025.128500,"DOI из full_review (№ 92) - исправление статьи о ванадате висмута; верная работа - Yadav et al. 2025, Chem. Eng. Sci., 10.1016/j.ces.2025.122296 (включена)"
10.1016/j.ces.2019.115270,"DOI из full_review (№ 98) ведет на статью об ионных жидкостях; верная работа - Fakroun, Benkreira 2019, 10.1016/j.ces.2019.115212 (включена)"
10.1016/j.petrol.2024.212763,"DOI из full_review (№ 31) не существует; верная работа - Chen et al. 2024, Energy Engineering, 10.32604/ee.2023.045270 (включена)"
10.2118/pw0043,энциклопедическая статья PetroWiki без авторов; первичные источники цитируются напрямую
10.1021/acs.energyfuels.4c02749,ингибирование асфальтенов наночастицами - вне границ обзора (01_scope.md)
10.2298/tsci230729069y,теплообмен в резервуаре хранения нефти - вне предмета
10.3390/en17092080,течение парафинистой нефти в трубопроводе без отложений в пористой среде - вне предмета
10.4028/p-zjxnt3,течение в трубе без отложений - вне предмета
10.1021/acs.cgd.5c00684,"восковые эфиры, а не н-алканы нефти - вне предмета"
10.1021/acs.energyfuels.5c03230,ингибиторы на основе нанокомпозитов - вне границ обзора
10.3997/2214-4609.201802002,дубль доклада Gaydukov & Novikov 2018 (второй DOI EAGE)
10.2118/187053-ms,"доклад заменен журнальной версией Mohammadzadeh et al. 2018, SPE J, 10.2118/187053-pa"
10.22050/ijogst.2022.327070.1626,DOI не зарегистрирован в Crossref; работа учтена как m:mahmoudi2022 (manual.csv)
10.7623/syxb202307009,DOI не найден в Crossref и OpenAlex; работа учтена как m:wang2023syxb со статусом [НЕ ПРОВЕРЕНО]
10.7242/1999-6691/2013.6.1.6,догадка о DOI не подтвердилась; работа учтена как m:nikiforov2013 по URL журнала
10.1016/j.fuel.2006.11.003,"DOI ошибочно подобран при поиске (ведет на статью о биодизеле); работа Dalirsefat, Feyzi 2007 по названию не найдена"
10.1016/j.fuel.2013.09.050,"DOI ошибочно подобран при поиске (газификация кокса); верный DOI Kord et al. 2014 - 10.1016/j.fuel.2013.09.038 (включен)"
10.1002/aic.690370609,"DOI ошибочно подобран при поиске (транспорт пульпы); верный DOI Wardhaugh, Boger 1991 - 10.1002/aic.690370610 (включен)"
