id,authors,year,title,venue,volume,issue,pages,type,language,url,verified_by,subtopics,relevance,include,reason,status,local,pdf
m:rogachev2019,Рогачев М.К.; Сандыга М.С.,2019,Породы-коллекторы. Исследование условий образования органических отложений в поровом пространстве,Neftegaz.RU,,7,,article,ru,https://magazine.neftegaz.ru/articles/dobycha/475606-porody-kollektory-issledovanie-usloviy-obrazovaniya-organicheskikh-otlozheniy-v-porovom-prostranstve/,"[НЕ ПРОВЕРЕНО] сайт отвечает HTTP 468 автоматическому клиенту, в поисковой выдаче статьи нет; разобрана по копии проекта (обзор_источников.md); журнальная версия тех же опытов - Sandyga et al. 2021, 10.15593/2712-8008/2021.2.6",T11;T03;RU,высокая,1,,unverified,,
m:nikiforov1998,Никифоров А.И.; Никаньшин Д.П.,1998,Перенос частиц двухфазным фильтрационным потоком,Математическое моделирование,10,6,42-52,article,ru,https://www.mathnet.ru/eng/mm1291,Math-Net.ru (поисковая выдача 09.10.2026),T07;T08;RU,высокая,1,,no_pdf,,
m:nikiforov2013,Никифоров А.И.; Садовников Р.В.; Никифоров Г.А.,2013,О переносе дисперсных частиц двухфазным фильтрационным потоком,Вычислительная механика сплошных сред,6,1,47-53,article,ru,https://journal.permsc.ru/index.php/ccm/article/download/CCMv6n1a6/575/380,"локальная копия (первая страница с выходными данными) и страница журнала; DOI 10.7242/1999-6691/2013.6.1.6 напечатан в статье, но Crossref его не находит",T07;RU,средняя,1,,,Парафинистые нефти/Перенос частиц и кольматация/CCMv6n1a6.pdf,
m:chekalyuk1965,Чекалюк Э.Б.,1965,Термодинамика нефтяного пласта,М.: Недра,,,238,book,ru,https://link.springer.com/article/10.1134/S0018151X17010114,по спискам литературы цитирующих статей (Springer 2017; Jalalov et al. 2015); каталожной карточки не найдено,T01;RU,средняя,1,,no_pdf,,
m:rubinshtein1972,Рубинштейн Л.И.,1972,Температурные поля в нефтяных пластах,М.: Недра,,,,book,ru,https://link.springer.com/article/10.1007/BF00859868,по спискам литературы цитирующих статей (Springer); каталожной карточки не найдено,T01;RU,средняя,1,,no_pdf,,
m:barenblatt1984,Баренблатт Г.И.; Ентов В.М.; Рыжик В.М.,1984,Движение жидкостей и газов в природных пластах,М.: Недра,,,208,book,ru,https://nb.lib.tsu.ru/bib/107490,каталог Научной библиотеки ТГУ,T01;T09;RU,средняя,1,,no_pdf,,
m:sandyga2022diss,Сандыга М.С.,2022,Предотвращение образования органических отложений в системе «пласт – скважина» на поздней стадии разработки нефтяного месторождения,дис. ... канд. техн. наук: 2.8.4. СПб.: Санкт-Петербургский горный университет,,,118,thesis,ru,https://spmi.ru/sites/default/files/imci_images/sciens/dissertacii/2022/sandyga_dissertaciya.pdf,сайт Горного университета + локальная копия,T11;T10;RU,высокая,1,,,Парафинистые нефти/Диссертации и ВКР/sandyga2022_dissertation_spmi.pdf,
m:khaibullina2019,Хайбуллина К.Ш.,2019,Обоснование комплексной технологии удаления и предупреждения органических отложений в скважинах на поздней стадии разработки нефтяного месторождения,дис. ... канд. техн. наук: 25.00.17. СПб.: Санкт-Петербургский горный университет,,,98,thesis,ru,https://spmi.ru/sites/default/files/imci_images/sciens/dissertacii/2019/%D0%94%D0%98%D0%A1%D0%A1%D0%95%D0%A0%D0%A2%D0%90%D0%A6%D0%98%D0%AF_%D0%A5%D0%B0%D0%B9%D0%B1%D1%83%D0%BB%D0%BB%D0%B8%D0%BD%D0%B0%20%D0%9A.%D0%A8..pdf,адрес PDF из поисковой выдачи (10.10.2026; сервер не ответил); локальная копия (титульный лист),T14;RU,низкая,1,,,Парафинистые нефти/Диссертации и ВКР/khaibullina2019_dissertation_spmi.pdf,
m:aleksandrov2022,Александров А.Н.,2022,Обоснование комплексной технологии предупреждения образования асфальтосмолопарафиновых отложений при добыче высокопарафинистой нефти погружными электроцентробежными насосами из многопластовых залежей,дис. ... канд. техн. наук: 2.8.4. СПб.: Санкт-Петербургский горный университет,,,179,thesis,ru,https://spmi.ru/sites/default/files/imci_images/sciens/dissertacii/2022/aleksandrov-dissertaciya.pdf,сайт Горного университета (поиск 10.10.2026); локальная копия,T14;T09;RU,средняя,1,,,Парафинистые нефти/Диссертации и ВКР/aleksandrov2022_dissertation_ESP_ASPO.pdf,
m:sobin2015,Собин А.М.,2015,Регулирование разработки нефтяных месторождений на основе выявленных закономерностей фильтрации флюидов в призабойной зоне скважины,дис. ... канд. техн. наук: 25.00.17. Ухта: УГТУ,,,137,thesis,ru,https://www.ugtu.net/sites/default/files/thesis/dissertaciya_sobina_a.m.pdf,адрес PDF из поисковой выдачи (10.10.2026; сервер отвечал 502); локальная копия (титульный лист),T11;RU,низкая,1,,,Парафинистые нефти/Диссертации и ВКР/sobina_dissertation_ugtu.pdf,
m:abileva2025,Абилева С.Ж.,2025,Совершенствование химических и тепловых методов увеличения добычи нефти из неоднородных пластов,дис. ... доктора философии (PhD): 8D07202. Алматы: КазНИТУ им. К.И. Сатпаева,,,118,thesis,ru,https://official.satbayev.university/en/protection/abileva-saule-zhalgasbaikyzy,страница защиты КазНИТУ (поиск 09.10.2026); локальная копия (титульный лист),T01;T11;RU,средняя,1,,,Парафинистые нефти/Диссертации и ВКР/abileva2025_phd_satbayev.pdf,
m:yushchenko2016,Ющенко Т.С.,2016,Математическое моделирование парожидкостного равновесия в многокомпонентных углеводородных системах,дис. ... канд. физ.-мат. наук: 01.02.05. М.: МФТИ,,,130,thesis,ru,https://mai.ru/upload/iblock/fca/kandidatskaya-dissertatsiya_yushchenko-t.s..pdf,"PDF на mai.ru (поиск 10.10.2026, имя файла совпадает с локальной копией); локальная копия",T05;RU,средняя,1,,,Парафинистые нефти/Диссертации и ВКР/kandidatskaya-dissertatsiya_yushchenko-t.s..pdf,
m:efimov2023,Ефимов И.И.,2023,Физико-химическое описание равновесий конденсированных фаз в углеводородных системах с участием полициклических соединений,дис. ... канд. хим. наук: 1.4.4. СПб.: Санкт-Петербургский горный университет,,,153,thesis,ru,https://dissercat.com/content/fiziko-khimicheskoe-opisanie-ravnovesii-kondensirovannykh-faz-v-uglevodorodnykh-sistemakh,карточка dissercat и автореферат на spbti.ru (поиск 10.10.2026); локальная копия,T03;T04;RU,средняя,1,,,Парафинистые нефти/Диссертации и ВКР/Ефимов - Физико-химическое описание равновесий (дисс.).pdf,
m:ochieng2024,Ochieng F.O.,2024,Modeling and analysis of wax deposition from multiphase flow in field-scale crude oil pipeline transport systems,PhD thesis (Applied Mathematics). Jomo Kenyatta University of Agriculture and Technology,,,188,thesis,en,,локальная копия (титульный лист),T14,низкая,1,,,Парафинистые нефти/Диссертации и ВКР/ochieng2024_phd_wax_deposition_jkuat.pdf,
m:do2021,Do N.,2021,Effect of temperature on asphaltene deposition mechanisms in horizontal flow,MSc thesis (Chemical Engineering). Calgary: University of Calgary,,,139,thesis,en,https://prism.ucalgary.ca,локальная копия (титульный лист); каталог PRISM,T14;T11,средняя,1,,,,
m:maloney2004,Maloney D.; Oesthus A.,2004,Effects of paraffin wax precipitation during cold water injection in a fractured carbonate reservoir,Proceedings of the International Symposium of the Society of Core Analysts. Abu Dhabi. SCA2004-28,,,1-12,conference,en,https://jgmaas.com/SCA/2004/SCA2004-28.pdf,URL открыт (HTTP 200 PDF) 09.10.2026,T11;T01,высокая,1,,,,
m:mahmoudi2022,Mahmoudi M.; Esmaeilian N.; Zokaee Ashtiani F.; Dabir B.,2022,Asphaltene deposition in porous media micromodels: experimental studies and comprehensive permeability-reducing mechanisms,Iranian Journal of Oil and Gas Science and Technology,11,2,75-90,article,en,http://ijogst.put.ac.ir,локальная копия; DOI 10.22050/ijogst.2022.327070.1626 в Crossref не зарегистрирован,T11,низкая,1,,,,
m:wang2023syxb,Wang M.; Yang S.; Li S.; Wang H.; Xiao C.,2023,Water-oil-solid multi-phase flow law of high-pour-point oil reservoir,Acta Petrolei Sinica,44,7,1129-1139,article,zh,https://doi.org/10.7623/syxb202307009,[НЕ ПРОВЕРЕНО] DOI не найден в Crossref и OpenAlex; запись взята из README проекта,T11;T09,средняя,1,,unverified,,
m:avdonin1967,Авдонин Н.А.; Орлов В.С.,1967,Effect of cold and hot water injection on temperature distribution in Uzen Oil Field,Нефтяное хозяйство,45,5,43-47,article,ru,https://www.osti.gov/etdeweb/biblio/6322845,реферат OSTI ETDEWEB (страница открыта 09.10.2026),T01;T11;RU,средняя,1,,no_pdf,,
m:kovalev1968,Ковалев А.Г.; Лютин Л.В.; Перевалов В.Г.,1968,Problems in waterflooding fields containing paraffinic crude oils,Нефтяное хозяйство,,11,49-51,article,ru,https://www.osti.gov/etdeweb/biblio/5602810,реферат OSTI ETDEWEB (страница открыта 09.10.2026),T11;RU,низкая,1,,no_pdf,,
m:notay2010,Notay Y.,2010,An aggregation-based algebraic multigrid method,Electronic Transactions on Numerical Analysis,37,,123-146,article,en,https://etna.math.kent.edu/vol.37.2010/pp123-146.dir/pp123-146.pdf,OpenAlex W2167512083 (без DOI); сайт ETNA недоступен по TLS 09.10.2026,T12,средняя,1,,no_pdf,,
m:aziz1979,Aziz K.; Settari A.,1979,Petroleum Reservoir Simulation,London: Applied Science Publishers,,,476,book,en,https://ese.stanford.edu/research-impact/ebooks,страница авторов (Stanford) в поисковой выдаче,T12;T01,высокая,1,,no_pdf,,
m:peaceman1977,Peaceman D.W.,1977,Fundamentals of Numerical Reservoir Simulation,Amsterdam: Elsevier (Developments in Petroleum Science; 6),,,176,book,en,https://shop.elsevier.com/books/fundamentals-of-numerical-reservoir-simulation/peaceman/978-0-444-41578-3,сайт издательства (ISBN 978-0-444-41578-3),T12,средняя,1,,no_pdf,,
m:trottenberg2001,Trottenberg U.; Oosterlee C.W.; Schüller A.,2001,Multigrid,San Diego: Academic Press,,,631,book,en,https://shop.elsevier.com/books/multigrid/trottenberg/978-0-08-047956-9,сайт издательства (ISBN 978-0-12-701070-0),T12,средняя,1,,no_pdf,,
m:michelsen2007,Michelsen M.L.; Mollerup J.M.,2007,Thermodynamic Models: Fundamentals and Computational Aspects. 2nd ed.,Holte: Tie-Line Publications,,,382,book,en,https://openalex.org/W2613860550,OpenAlex W2613860550,T05,средняя,1,,no_pdf,,
m:wakao1982,Wakao N.; Kaguei S.,1982,Heat and Mass Transfer in Packed Beds,New York: Gordon and Breach,,,364,book,en,https://openalex.org/W616326739,OpenAlex W616326739,T01,средняя,1,,no_pdf,,
m:whitson2000,Whitson C.H.; Brulé M.R.,2000,Phase Behavior,Richardson: Society of Petroleum Engineers (Monograph; 20),,,233,book,en,,[НЕ ПРОВЕРЕНО] запись издательства в поиске не найдена,T02;T05,средняя,1,,unverified,,
m:kozeny1927,Kozeny J.,1927,Über kapillare Leitung des Wassers im Boden,Sitzungsberichte der Akademie der Wissenschaften in Wien,136,2a,271-306,article,de,,[НЕ ПРОВЕРЕНО] первоисточник в сети не найден; цитируется по Carman (1937/1997),T08,средняя,1,,unverified,,
m:buckingham1921,Buckingham E.,1921,On plastic flow through capillary tubes,Proceedings of the American Society for Testing Materials,21,,1154-1156,article,en,,[НЕ ПРОВЕРЕНО] первоисточник в сети не найден; формула приводится по Wu et al. (1992) и Chevalier et al. (2013),T09,средняя,1,,unverified,,
m:corey1954,Corey A.T.,1954,The interrelation between gas and oil relative permeabilities,Producers Monthly,19,1,38-41,article,en,,[НЕ ПРОВЕРЕНО] первоисточник в сети не найден,T01,средняя,1,,unverified,,
m:kesler1976,Kesler M.G.; Lee B.I.,1976,Improve prediction of enthalpy of fractions,Hydrocarbon Processing,55,3,153-158,article,en,,[НЕ ПРОВЕРЕНО] первоисточник в сети не найден,T02,низкая,1,,unverified,,
m:tronov1970,Тронов В.П.,1970,Механизм образования смоло-парафиновых отложений и борьба с ними,М.: Недра,,,,book,ru,,[НЕ ПРОВЕРЕНО] не найдено ни каталожной записи ни цитирования в выдаче,T14;RU,низкая,1,,unverified,,
m:persiyantsev2000,Персиянцев М.Н.,2000,Добыча нефти в осложненных условиях,М.: Недра,,,,book,ru,,[НЕ ПРОВЕРЕНО] не найдено в поисковой выдаче,T14;RU,низкая,1,,unverified,,
m:devlikamov1975,Девликамов В.В.; Хабибуллин З.А.; Кабиров М.М.,1975,Аномальные нефти,М.: Недра,,,,book,ru,,[НЕ ПРОВЕРЕНО] не найдено в поисковой выдаче,T09;RU,средняя,1,,unverified,,
m:sw_mrst,SINTEF Digital,2026,MRST - MATLAB Reservoir Simulation Toolbox (release 2026a),программное обеспечение; лицензия GPL-3.0,,,,software,en,https://github.com/SINTEF-AppliedCompSci/MRST,GitHub API 09.10.2026 (лицензия и тег релиза),T13,высокая,1,,no_pdf,,
m:sw_opm,OPM Initiative,2026,OPM Flow - Open Porous Media reservoir simulator (release 2026.04),программное обеспечение; лицензия GPL-3.0,,,,software,en,https://github.com/OPM/opm-simulators,GitHub API 09.10.2026,T13,средняя,1,,no_pdf,,
m:sw_dumux,DuMux developers,2026,DuMux - DUNE for multi-phase/component/scale/physics flow and transport in porous media,программное обеспечение; лицензия GPL-3.0,,,,software,en,https://git.iws.uni-stuttgart.de/dumux-repositories/dumux,GitLab университета Штутгарта (страница открыта 09.10.2026); зеркало GitHub dumux/dumux,T13,средняя,1,,no_pdf,,
m:sw_darts,Voskov D. et al. (TU Delft),2026,open-DARTS - Delft Advanced Research Terra Simulator (версия 2.0.0 в PyPI),программное обеспечение; лицензия Apache-2.0,,,,software,en,https://gitlab.com/open-darts/open-darts,GitLab API и PyPI 09.10.2026,T13,средняя,1,,no_pdf,,
m:sw_jutul,Møyner O. (SINTEF),2026,JutulDarcy.jl - differentiable reservoir simulator in Julia (v0.3.12),программное обеспечение; лицензия MIT,,,,software,en,https://github.com/sintefmath/JutulDarcy.jl,GitHub API 09.10.2026,T13;T15,средняя,1,,no_pdf,,
m:sw_porepy,PorePy developers (University of Bergen),2026,PorePy - simulation of multiphysics processes in fractured porous media (v1.13),программное обеспечение; лицензия GPL-3.0,,,,software,en,https://github.com/pmgbergen/porepy,GitHub API 09.10.2026,T13,низкая,1,,no_pdf,,
m:sw_geos,GEOS developers,2026,GEOS - multiphysics simulation framework for subsurface applications (v1.2.0),программное обеспечение; лицензия LGPL-2.1,,,,software,en,https://github.com/GEOS-DEV/GEOS,GitHub API 09.10.2026,T13,низкая,1,,no_pdf,,
m:sw_moose,Idaho National Laboratory,2026,MOOSE - Multiphysics Object-Oriented Simulation Environment (v1.0.0),программное обеспечение; лицензия LGPL-2.1,,,,software,en,https://github.com/idaholab/moose,GitHub API 09.10.2026,T13,низкая,1,,no_pdf,,
m:sw_pyamg,PyAMG developers,2026,PyAMG - algebraic multigrid solvers in Python (v5.3.0),программное обеспечение; лицензия MIT,,,,software,en,https://github.com/pyamg/pyamg,GitHub API 09.10.2026,T13;T12,средняя,1,,no_pdf,,
m:sw_numba,Numba developers (Anaconda),2026,Numba - JIT compiler for Python (v0.68.0),программное обеспечение; лицензия BSD-2-Clause,,,,software,en,https://github.com/numba/numba,GitHub API 09.10.2026,T13,высокая,1,,no_pdf,,
m:montero2020,Montero F.,2020,Wax deposition analysis for oil and gas multiphase flow in pipelines,Master thesis. Esbjerg: Aalborg University,,,82,thesis,en,https://projekter.aau.dk/projekter/files/335444794/K10_OG_2_F20.pdf,портал студенческих работ AAU (поиск 09.10.2026); локальная копия,T14,низкая,1,,,Парафинистые нефти/АСПО в скважинах и трубопроводах/Wax deposition analysis for oil and gas multiphase flow in pipelines.pdf,
m:dementev2020,Дементьев А.С.,2020,Метод контроля концентрации парафинов при транспортировке нефти магистральными трубопроводами на основе применения радиоизотопного излучения,дис. ... канд. техн. наук: 05.11.13. СПб.: Санкт-Петербургский горный университет,,,100,thesis,ru,https://spmi.ru/sites/default/files/imci_images/sciens/dissertacii/2020/dementev_dissertaciya.pdf,сайт Горного университета (поиск 09.10.2026); локальная копия,T14;T11;RU,низкая,1,,,Парафинистые нефти/Диссертации и ВКР/dementev_dissertaciya.pdf,
m:kislitsyn2015,Кислицын А.А.; Федорец А.А.; Портнягина Е.В.; Кузнецов С.В.; Поднебесных А.В.,2015,Экспериментальное и теоретическое исследование микрокристаллизации парафинов в нефти,"Вестник Тюменского государственного университета. Физико-математическое моделирование. Нефть, газ, энергетика",1,3,14-23,article,ru,https://vestnik.utmn.ru/eng/energy/vypuski/2015-tom-1/3-3/230681/,OpenAlex W3215712325; страница журнала; локальная копия,T03;T06;RU,средняя,1,,,Парафинистые нефти/АСПО в скважинах и трубопроводах/Кислицын 2015 - Экспериментальное и теоретическое исследование микрокристаллизации парафинов в нефти experimental and theoretical study of paraffin.pdf,
m:musakaev2001,Мусакаев Н.Г.,2001,"О математических схемах, описывающих процесс кристаллизации парафина в газонефтяных скважинах",Вычислительные технологии (спецвыпуск: труды конференции RDAMM-2001),6,ч. 2,318-322,article,ru,,"локальная копия (первая страница с выходными данными); в Crossref, OpenAlex и поиске не найдена",T14;T06;RU,низкая,1,,,"Парафинистые нефти/АСПО в скважинах и трубопроводах/О математических схемах, описывающих процесс кристаллизации парафина в газонефтяных скважинах const.pdf",
m:markin2011,Маркин А.Н.; Суховерхов С.В.,2011,Исследование кинетики выделения парафинов из нефти,Вестник ДВО РАН,,5,66-71,article,ru,https://openalex.org/W2589446298,OpenAlex W2589446298; локальная копия,T06;T14;RU,средняя,1,,,Парафинистые нефти/Кинетика кристаллизации/issledovanie-kinetiki-vydeleniya-parafinov-iz-nefti.pdf,
m:adeyanju2011,Adeyanju O.A.; Oyekunle L.O.,2011,Simulation of paraffin deposition in petroleum reservoirs,Advances in Sustainable Petroleum Engineering Science,2,3,,article,en,https://openalex.org/W2981267691,"OpenAlex W2981267691; локальная копия (том 2010, издан 2011)",T10;T07,средняя,1,,,Парафинистые нефти/Отложения в пласте и моделирование/Adeyanju-P.pdf,
m:mousavi2008,Mousavi Dehghani S.A.; Vafaie Sefti M.; Mehdizadeh H.; Shirkhanloo H.,2008,Solid phase equation of state application for wax formation prediction in petroleum mixtures,Iranian Journal of Chemical Engineering,5,2,23-33,article,en,https://openalex.org/W2153900217,OpenAlex W2153900217; локальная копия,T03;T05,низкая,1,,,Парафинистые нефти/Термодинамика и фазовое равновесие/Solid Phase Equation of State Application for Wax Formation Prediction in Petroleum Mixtures.pdf,
m:kazbaev2023,Казбаев Т.А.; Иванов Д.С.,2023,Исследование нефтяных парафинов и смол методом ЯМР релаксации,Учёные записки физического факультета Московского университета,,4,2340901,article,ru,http://uzmu.phys.msu.ru/abstract/2023/4/2340901/,страница журнала (09.10.2026); локальная копия,T02;T11;RU,низкая,1,,,Парафинистые нефти/Свойства и состав парафинистых нефтей/Исследование нефтяных парафинов и смол методом ЯМР релаксации.pdf,
m:ilyin2007,Ильин А.Н.; Полищук Ю.М.; Ященко И.Г.,2007,Высокопарафинистые нефти: закономерности пространственных и временных изменений их свойств,Нефтегазовое дело (электронный научный журнал),,,15,article,ru,,"локальная копия (колонтитул журнала Нефтегазовое дело, 2007); статьи на ogbus.ru поиском не найдено",T02;RU,низкая,1,,,Парафинистые нефти/Свойства и состав парафинистых нефтей/Iliin_1.pdf,
m:lobanov2023,Лобанов И.С.,2023,Эффективность применения методов борьбы с парафиновыми отложениями на месторождениях Западной Сибири,ВКР бакалавра: 21.03.01. Томск: ТПУ,,,113,thesis,ru,,[НЕ ПРОВЕРЕНО] только локальная копия; в репозитории ТПУ поиском не найдена,T14;RU,низкая,1,,unverified,Парафинистые нефти/Диссертации и ВКР/TPU1471860.pdf,
m:ryskeldi2021,Рыскелді Д.Б.,2021,Повышение технологической эффективности и увеличение дебита скважины за счёт прогнозирования выпадения парафина,дипломная работа: 5B070800. Алматы: КазНИТУ им. К.И. Сатпаева,,,42,thesis,ru,,[НЕ ПРОВЕРЕНО] только локальная копия; онлайн не найдена,T14;RU,низкая,1,,unverified,Парафинистые нефти/Диссертации и ВКР/супер казах.pdf,
m:pustogov2011,Пустогов В.И.; Орфанова М.Мик.; Орфанова М.Мих.,2011,Вуглеводнева кольматація пористого середовища привибійної зони пласта,Науковий вісник Івано-Франківського національного технічного університету нафти і газу,,3(29),46-52,article,uk,https://nv.nung.edu.ua/index.php/nv/article/download/623/626/2506,PDF журнала (WebFetch 10.10.2026): выходные данные и аннотация на укр. и рус.,T11;T10;RU,средняя,1,,,,
