id,subtopics
10.2118/24069-pa,T10;T01
10.1080/12269328.2014.959623,T10;T01
10.1134/s199508022208025x,T10;T01;RU
10.1115/1.1924465,T10;T07
10.1115/1.1924466,T10;T11
10.2118/50746-ms,T10;T07
10.2118/64991-ms,T10
10.2118/89437-ms,T10
10.1021/ie990781g,T10;T04
10.1016/s0009-2509(01)00407-9,T10;T07
10.1016/j.petrol.2003.12.008,T10
10.1021/ef101195a,T10;T08
10.2516/ogst/2018039,T10;T04
10.2118/169121-ms,T10;T14
10.2118/169401-ms,T10;T13
10.2118/163587-ms,T10;T04
10.2118/185370-ms,T13;T04
10.2118/193932-ms,T13;T01
10.2118/163664-ms,T12
10.3390/fluids6100341,T12
10.2118/29111-ms,T12;T02
10.1007/s11242-015-0600-z,T07
10.2118/8430-pa,T07
10.2118/82230-ms,T07
10.2118/165148-pa,T08
10.1007/s13202-020-00924-2,T11;T03;RU
10.1038/s41598-020-71065-z,T11;T08
10.3390/pr12020421,T11;T09
10.2118/4411-pa,T11
10.1080/10916466.2011.588642,T11
10.1016/j.petrol.2021.108594,T11;T01
10.1016/j.petrol.2019.04.027,T11
10.2139/ssrn.5335415,T11
10.1051/e3sconf/202235201075,T11
10.3390/en17102415,T11
10.3390/en19071777,T11
10.1007/s13202-016-0276-0,T03;T06;RU
10.1007/s13202-018-0539-z,T11;T04;RU
10.1016/j.fuel.2020.118871,T11;T08
10.1016/j.fuel.2022.123202,T11;T08
10.1126/sciadv.abc2530,T07;T11
10.1103/physreve.95.013110,T07;T08
10.1103/physrevfluids.9.024301,T07;T08
10.1021/ef700670f,T07;T11
10.3390/app16178546,T10;T01
10.3390/eng7040184,T10;T01
10.1016/j.fuel.2025.136365,T10;T07
10.29047/01225383.251,T07;T11
10.1021/acs.energyfuels.5b00693,T07
10.1021/ef500282p,T07;T16
10.1016/0016-2361(95)98363-j,T07
10.1021/acs.energyfuels.0c03003,T07;T11
10.1021/acs.energyfuels.2c01540,T07;T11
10.1016/j.fuel.2024.131825,T07;T11
10.1002/2015gl063986,T07
10.1007/s11242-010-9626-4,T07
10.1007/s11242-011-9839-1,T07
10.1016/j.ces.2018.05.062,T07
10.1007/978-1-4757-0337-5_34,T07
10.2118/37250-ms,T11
10.2118/95515-ms,T11
10.1016/j.petrol.2006.10.007,T11;T07
10.1016/j.fuel.2021.122420,T11
10.1021/acs.energyfuels.4c00252,T11;T16
10.2118/50963-pa,T11
10.1007/s11242-011-9887-6,T11;T10
10.1021/ef300692e,T11;T10
10.1016/j.petrol.2018.11.056,T11
10.2118/121414-ms,T11
10.1021/ef3017392,T06;T14
10.1038/s41598-024-54395-0,T11
10.1021/acsomega.2c05480,T11
10.1021/acsomega.2c07247,T11
10.2516/ogst/2018084,T11
10.2516/ogst/2020041,T11
10.1155/2021/6626114,T11
10.1016/j.egypro.2013.06.624,T11
10.1007/s12650-016-0346-x,T11
10.1021/ef300647f,T11;T07
10.1021/acs.energyfuels.2c03359,T11
10.1021/acs.energyfuels.7b03805,T11
10.1016/j.fluid.2022.113549,T04;T11
10.1021/ef990104z,T04;T11
10.1016/j.petsci.2022.08.026,T04;T11
10.1016/j.petrol.2019.106186,T14;T11
10.1016/j.petrol.2017.12.031,T14;T11
10.1063/1.4927221,T14
10.1021/acs.langmuir.6b02376,T11;T08
10.1016/j.fuel.2019.116250,T06;T11
10.1021/acs.energyfuels.6b01289,T14;T11
10.2118/80266-ms,T11;T01
10.2118/2008-087,T11
10.1016/j.fuel.2023.129671,T03
10.1080/10916466.2018.1539755,T06
10.1016/j.petrol.2018.02.011,T06;T03
10.1002/cjce.5450650306,T09;T11
10.1021/ef9006142,T11
10.1016/j.fuel.2007.12.009,T11
10.1016/j.petrol.2017.06.064,T03;T05
10.1016/j.fluid.2003.05.011,T03;T05
10.1016/0378-3812(84)80013-8,T05
10.1016/j.petrol.2021.109176,T07;T08
10.1016/j.petrol.2018.01.017,T11
10.1021/acs.energyfuels.7b01389,T11;T08
10.1080/10916466.2015.1107846,T10;T07
10.1007/s13202-016-0269-z,T14;T04
10.1007/s13202-015-0221-7,T14;T04
10.1016/j.fuel.2019.03.016,T16;T04
10.1021/acs.energyfuels.0c02981,T16;T04
10.1016/j.petsci.2022.08.008,T16;T03
10.1021/acs.energyfuels.3c04687,T16;T14
10.1177/01445987251343732,T16;T14
10.3390/math10244674,T01;RU
10.18799/24131830/2023/4/3940,T16;RU
10.17122/ntj-oil-2024-4-74-95,T04;T11;RU
10.31084/2619-0087/2026-1-9,T10;RU
10.1016/j.heliyon.2023.e22292,T08;RU
10.1063/5.0251349,T10;T04
10.1063/5.0332781,T10;T04
10.1016/j.ptlrs.2025.11.001,T11;T04
10.2118/214805-pa,T10;T04
10.1016/j.geoen.2024.213554,T10;T04
10.32604/fdmp.2023.041825,T10;T04
10.1177/00368504261428354,T11;T01
10.1016/j.ijheatmasstransfer.2007.11.012,T14;T01
10.1002/aic.12517,T14;T06
10.2118/8788-pa,T14
10.2118/15654-pa,T14;T03
10.2118/26548-ms,T14
10.1002/aic.690390815,T14
10.1002/aic.690460517,T06;T09
10.1002/aic.690470103,T06;T09
10.1002/zamm.200510293,T14;T07
10.1155/2022/2845221,T14
10.1155/2023/1173505,T14
10.3390/su15129616,T14;RU
10.1021/acs.energyfuels.2c03309,T06;T11
10.1002/mrc.70096,T11
10.1080/10916466.2018.1536713,T11
10.1021/acsomega.5c00439,T02;T11
10.1007/s43153-022-00296-6,T02;T04
10.1021/acsomega.4c10044,T03
10.1021/acs.jced.1c00330,T05
10.1007/s12182-019-00377-1,T04;T05
10.1007/s12182-015-0071-4,T03;T05
10.1007/s13202-018-0480-1,T03
10.1007/0-387-68903-6_12,T04;T05
10.1002/aic.690470206,T08;T07
10.1007/s13202-012-0043-9,T09
10.1002/aic.15223,T14
10.3997/2214-4609.202032021,T15
10.3997/2214-4609.201802189,T10;RU
10.1007/s13369-025-10758-x,T15;T14
10.1016/j.geoen.2025.213713,T15;T16
10.1016/j.petsci.2023.10.019,T15
10.1063/5.0276315,T15;T14
10.1007/s12145-023-01075-8,T15;T04
10.1021/acs.energyfuels.2c03319,T15;T04
10.1021/acs.energyfuels.9b03296,T15;T03
10.1007/s13369-019-04290-y,T15;T03
10.1016/j.fluid.2021.113340,T04;T05
10.3997/2214-4609.202011432,T13;T04
10.3997/2214-4609.201701511,T04;T05
10.1016/j.fluid.2015.11.003,T04;T05
10.1002/aic.16191,T04;T05
10.2118/18273-pa,T04;T11
10.1039/c4sm00578c,T09
10.1103/physreva.42.4772,T09
10.1016/j.jnnfm.2012.12.005,T09;T08
10.1103/physrevlett.122.245502,T09;T08
10.2118/20051-pa,T09;T12
10.1007/s10973-014-3660-3,T09
10.1016/j.ces.2005.02.045,T09
10.1021/la050705k,T09
10.1021/ef9901185,T09
10.1021/ef800628g,T09
10.2118/1340-pa,T02
10.6028/jres.066a.024,T03
10.1016/0016-2361(94)00006-d,T06;T03
10.2118/952327-g,T05
10.1021/i160057a011,T05
10.1016/0378-3812(82)85001-2,T05
10.1016/0378-3812(82)85002-4,T05
10.2118/6721-pa,T02;T05
10.2118/10691-ms,T02
10.2118/12233-pa,T02
10.1021/ie00064a023,T02
10.1016/0378-3812(95)02956-7,T02
10.2118/26642-ms,T04;T05
10.1080/10916469808949783,T04
10.1021/ef010012l,T04
10.1016/j.fluid.2005.03.029,T04
10.2118/65376-ms,T04
10.1021/ef9002236,T06;T04
10.1021/ef300185p,T04
10.1021/ef301338q,T04
10.2516/ogst:2007083,T04;T07
10.1038/s41598-022-23596-w,T04
10.2118/11202-pa,T04
10.2118/16258-ms,T04
10.1016/0920-4105(88)90013-7,T04;T16
10.1002/aic.690420626,T04
10.1002/aic.690440516,T04
10.1002/aic.690460120,T04
10.1002/aic.10243,T04
10.1021/la035339o,T04
10.1016/j.fluid.2005.12.043,T04
10.1002/aic.15173,T04
10.1016/j.fluid.2020.112655,T04
10.1021/ef5020764,T04
10.1021/ef500281s,T04
10.1021/acs.energyfuels.6b00757,T04
10.1021/acs.energyfuels.2c01413,T04
10.1021/je60008a036,T04
10.1016/s0376-7361(09)70257-2,T04
10.2118/85673-ms,T04
10.1016/0378-3812(89)80308-5,T05;T04
10.1021/ie0003887,T05;T04
10.1021/ie980340h,T03
10.1021/ef00030a021,T03
10.1021/ef00030a022,T03
10.2118/27629-pa,T03
10.1002/aic.690341202,T03
10.1016/0378-3812(86)80061-9,T03
10.1002/aic.690420120,T03
10.1021/ie950447u,T03
10.2118/36740-pa,T03
10.1021/ef010072r,T03
10.1016/j.fluid.2006.06.002,T03
10.2118/74686-pa,T03
10.1021/ef0100303,T04;T03
10.1021/ef034013k,T09;T04
10.1016/j.petsci.2022.08.028,T03;T04
10.1021/acsomega.9b03460,T04;T03
10.2118/732-g,T12
10.2118/203-g,T12
10.1016/0017-9310(94)90219-4,T01
10.1016/0017-9310(78)90080-7,T01
10.1007/978-94-015-7899-8,T01;RU
10.2118/39083-ms,T10;T01;RU
10.22616/erdev.2024.23.tf219,T01;T11
10.21779/2542-0321-2019-34-1-32-39,T10;T09;RU
10.3390/eng7030116,T16;RU
10.2298/tsci21s2315a,T01;RU
10.17804/2410-9908.2025.3.031-042,T01;RU
10.23877/ms.ts.26.007,T01;T10;RU
10.1134/s1995080224602303,T10;T04;RU
10.18799/24056537/2020/1/249,T10;T04;RU
10.1016/s1876-3804(22)60338-0,T10;T04;RU
10.15593/2712-8008/2021.2.6,T11;T03;RU
10.1007/s12182-016-0111-8,T02;RU
10.1007/s13202-019-00779-2,T09;RU
10.3390/en19051309,T03;T11
10.1016/j.compchemeng.2013.12.008,T13;T01
10.1080/10916466.2011.565295,T10;T01
10.2516/ogst/2013128,T11;T07
10.1016/j.petsci.2026.08.009,T10;T01
10.1016/j.fuel.2024.133001,T09;T11
10.1063/5.0201385,T09
10.3390/pr14020230,T11
10.1007/s13202-025-02056-x,T11
10.2118/156555-pa,T10;T14
10.1016/j.fluid.2015.03.045,T10;T12
10.1016/j.fuel.2021.121776,T12;T10
10.2118/205510-pa,T10;T15
10.1016/j.geoen.2024.213507,T10;T12
10.1016/j.ijheatmasstransfer.2021.121889,T10;T08
10.1021/acs.iecr.9b02740,T05;T04
10.2118/107857-ms,T07;T16
10.1016/b978-0-12-801898-9.00017-5,T10;T16
10.1016/b978-0-12-813782-6.00006-3,T10;T16
10.2516/ogst:2006037a,T04;T16
10.1007/s13202-019-00811-5,T04;T16
10.26153/tsw/13507,T13;T10
10.11575/prism/26067,T07;T11
10.25560/45663,T11;T04
10.1016/j.petlm.2023.04.001,T04;T16
10.2118/212310-pa,T04;T16
10.1021/acsomega.1c03198,T11;T16
10.1007/s13202-019-0609-x,T14;T16
10.1016/j.ceja.2021.100104,T14;T16
10.3390/en16186727,T15;T16
10.1016/j.fuel.2013.09.038,T10;T08
10.2118/205028-pa,T10;T06
10.1080/10916466.2011.585366,T08;T07
10.1016/j.petrol.2018.10.058,T10
10.1016/j.petrol.2019.106512,T08
10.1016/j.fuel.2018.07.079,T08
10.1016/j.energy.2023.129210,T08;T11
10.1002/cjce.23238,T11
10.2118/187053-pa,T11
10.1021/acs.energyfuels.7b01347,T11
10.1016/j.petrol.2017.11.021,T11
10.1002/apj.2080,T11
10.1080/10916466.2018.1482335,T11
10.1016/j.fuel.2019.02.057,T07
10.1021/acs.energyfuels.7b01170,T06;T04
10.1016/j.petrol.2019.04.059,T06;T03
10.1021/ef060385s,T06;T09
10.1021/ie030573v,T14
10.3390/en12224325,T14
10.1016/j.petlm.2019.09.004,T14
10.3390/en15114018,T14
10.1088/1742-6596/1276/1/012058,T14
10.1007/s12517-022-10295-z,T03
10.1016/s1876-3804(14)60059-8,T03;T11
10.1021/acs.energyfuels.9b04030,T04;T05
10.2516/ogst/2019037,T04;T10
10.1021/ie050325u,T09
10.1002/aic.690370610,T09
10.1016/j.ces.2019.115212,T09
10.1016/0009-2509(91)80158-u,T08;T07
10.1021/acs.jpcc.8b11012,T08
10.1039/c7lc01377a,T08
10.1021/es5013438,T08
10.1007/s10706-013-9704-9,T08
10.1002/nla.542,T12
10.21105/joss.04142,T13
10.2118/72469-pa,T13
10.2118/9723-pa,T13
10.1017/cbo9780511760396,T13
10.1016/s0021-9991(03)00075-5,T12
10.1016/j.jcp.2017.02.041,T12;T13
10.2118/182685-pa,T13;T12
10.1201/b18482,T14;T16
10.1201/9781420018257,T02;T05
10.1021/i200024a027,T02
10.1016/c2014-0-01087-8,T07;T16
10.1007/978-94-015-9074-7,T07;T16
10.1017/9781316145098,T08;T16
10.1007/978-3-319-49562-0,T01;T16
10.1007/978-1-4612-4254-3,T01;T16
10.1137/1.9780898718942,T12;T16
10.1137/1.9780898718003,T12
10.1017/cbo9780511791253,T12
10.1016/s1570-8659(00)07005-8,T12
10.2118/6724-pa,T01;T13
10.2118/8394-pa,T01;T13
10.1029/jb093ib02p01159,T08
10.2118/949039-g,T08
10.1029/96wr01776,T08
10.2118/574-g,T08
10.1103/revmodphys.45.574,T08
10.1016/s0263-8762(97)80003-2,T08
10.2475/ajs.s3-45.266.87,T09
10.1122/1.548848,T09
10.2118/18462-pa,T07
10.1021/ja02242a004,T07
10.1002/andp.19053220806,T07
10.1002/aic.690010222,T07
10.1002/cjce.5450600213,T07
10.1017/s0022112077000111,T07
10.1017/s0022112087002155,T07
10.1063/1.1750380,T06
10.2118/54021-pa,T11;T14
10.2118/38776-ms,T11;T14
10.1016/0016-2361(96)00046-4,T06;T03
10.1081/lft-200035541,T06;T03
10.2118/26604-ms,T03
10.2118/78324-ms,T03
10.1021/ef00030a019,T03;T06
10.1021/ef200785v,T14;T04
10.1021/ef8006678,T04;T05
10.1016/j.petrol.2010.11.017,T10
10.2118/39446-ms,T10
10.2118/10528-pa,T12
10.2118/6893-pa,T12
10.2118/978-g,T12
10.2118/1518-g,T12
10.1007/bf01448839,T12
10.1007/bf03184614,T01
10.2118/80-03-04,T01
10.2118/942107-g,T01;T12
10.2118/1266-g,T01
10.1016/s0016-0032(29)91186-8,T01
10.1038/s41592-019-0686-2,T13
10.1038/s41586-020-2649-2,T13
10.1145/2833157.2833162,T13
10.21105/joss.06973,T13
10.1007/s10596-020-10002-5,T13
10.1016/j.camwa.2020.02.012,T13
10.1016/j.camwa.2020.05.014,T13
10.1017/9781009019781,T13
10.1017/9781108591416,T13;T12
10.1615/jmachlearnmodelcomput.2020033905,T15
10.1016/j.jcp.2018.10.045,T15
10.1016/j.jconhyd.2016.07.002,T08;T16
10.1007/s11242-018-1086-2,T08;T16
10.1002/aic.690341102,T08;T07
10.1103/physrevlett.66.1169,T08;T07
10.1016/s1359-0294(01)00084-x,T08
10.1029/2003wr002627,T08
10.1016/j.polymer.2010.07.047,T09;T16
10.1140/epje/i2013-13139-3,T09;T08
10.1007/s00397-013-0699-1,T09
10.1016/s0016-2361(02)00222-3,T09;T06
10.1021/ie970588r,T09
10.1080/01932691.2015.1065418,T04;T16
10.1016/s0920-4105(98)00057-6,T04
10.1021/ef900975e,T04
10.1021/ef9009857,T04;T05
10.1021/ef049782y,T04;T05
10.1081/lft-120018544,T04;T05
10.2118/117752-pa,T05
10.1016/0009-2509(72)80096-4,T05
10.1016/0378-3812(82)80002-2,T05
10.2118/170092-pa,T05;T01
10.1021/es034049r,T07
10.1002/aic.690220316,T07
10.1021/es60058a005,T07
10.1002/aic.690250502,T07
10.1021/ie50725a003,T07
10.1007/s11242-008-9228-6,T07
10.2118/28489-pa,T07
10.1002/aic.690331007,T07
10.2118/12265-ms,T12
10.2118/13536-ms,T12
10.2118/96809-ms,T12
10.2118/163608-pa,T12
10.1016/s0045-7825(98)00012-7,T12
10.1007/bf02238488,T12
10.1007/bf02238511,T12
10.1016/s0377-0427(00)00516-1,T12
10.1137/1.9781611971057.ch4,T12
10.1090/s0025-5718-1977-0431719-x,T12
10.6028/jres.049.044,T12
10.2118/65092-pa,T12
10.2118/84924-pa,T12
10.1023/a:1021291114475,T12
10.1515/zpch-1918-9209,T06;T07
10.2118/218015-pa,T13
10.1002/gdj3.21,T13
10.1007/s10596-020-10003-4,T13
10.2172/751729,T01;T13
10.3997/2214-4609.202437086,T13
10.1007/s10596-025-10366-6,T13;T15
10.1021/ef300714p,T14;T04
10.1016/j.petrol.2020.107553,T14;T04
10.1016/j.rineng.2026.110481,T15;T04
10.1021/ef900224r,T14;T03
10.1016/j.fuel.2020.118617,T14;T04
10.1016/j.petrol.2021.108972,T14;T10
10.1016/j.petrol.2020.107213,T10;T14
10.1021/acs.energyfuels.8b03239,T14;T04
10.1021/acs.energyfuels.7b00253,T14
10.1021/ef049819e,T06;T04
10.1021/acs.cgd.6b00499,T06
10.1016/j.advwatres.2020.103524,T08
10.1016/j.apm.2020.06.037,T08
10.15372/pmtf20210608,T10;T01;RU
10.15372/khur2023462,T02;T09;RU
10.37878/2708-0080/2022-4.09,T03
10.1016/0378-3812(94)02600-6,T03
10.1016/s0378-3812(98)00366-5,T03;T11
10.1016/s0376-7361(08)x7008-6,T02;T16
10.1016/s0017-9310(02)00014-5,T08
10.1016/s0378-3812(99)00155-7,T03;T11
10.1021/ie960512f,T02;T05
10.1023/a:1018832120659,T10;T01;RU
10.7242/1999-6691/2023.16.2.14,T07;RU
10.7242/1999-6691/2025.18.3.18,T08;RU
10.37878/2708-0080/2026-3.09,T11;T03;RU
10.1016/j.ptlrs.2026.07.003,T10;T04;RU
10.1134/s0965544125601024,T06;T04;RU
10.29222/ipng.2078-5712.2024-15-4.art2,T04;T11;RU
10.1016/j.geoen.2023.212225,T07;T15
10.1016/j.powtec.2023.119272,T07;T15
10.1016/j.jhydrol.2026.135602,T08;T15
10.1021/acsomega.2c03192,T15;T04
10.1002/aic.18374,T14;T06
10.1016/j.apenergy.2022.120197,T10;T04
10.1016/j.petsci.2026.09.012,T08;T04
10.2118/208610-pa,T12;T16
10.1016/j.cis.2025.103488,T06;T04;T16
10.1007/s11696-024-03784-w,T04;T15
10.3390/app16136437,T04;T05
10.1016/j.cageo.2024.105725,T05;T12
10.2118/223947-pa,T05;T12
10.1134/s1995080226618424,T10;T01;T08;RU
10.21684/2411-7978-2023-9-1-6-21,T01;RU
10.18799/24131830/2026/6/5157,T01;T11;RU
10.32737/0005-2531-2021-2-13-23,T16;T14
10.3390/app132111821,T11;RU
10.1002/dug2.70020,T11;RU
10.1016/j.ptlrs.2026.03.004,T11;RU
10.37394/232013.2023.18.20,T07
10.1134/s1990478920030102,T07;RU
10.37878/2708-0080/2026-1.11,T07;RU
10.1016/j.advwatres.2026.105335,T07;RU
10.3103/s0027133023060018,T07;RU
10.3390/en15082845,T07;RU
10.2118/225-g,T08;T01
10.1021/es025899u,T07;T08
10.1002/9781118086810,T07;T16
10.2118/36106-pa,T04;T05
10.1115/1.1924398,T07;T01
10.1007/s11242-010-9557-0,T07;T01
10.2118/31101-ms,T07;T10
10.2118/134670-ms,T01;T13
10.2118/48996-ms,T10;T04
10.1080/08843759608947560,T03;T04
10.1016/j.jhydrol.2023.130066,T07;T01
10.1016/j.energy.2021.122507,T07;T01
10.1007/s42860-022-00178-5,T07;T04
10.1029/2023wr035456,T08;T07
