subtopic,q,doi,year,cited_by,venue,title
T01,cold water injection wax deposition reservoir,10.2118/0224-0069-jpt,2024,0,Journal of Petroleum Technology,Reservoir Modeling Predicts Effect of Cold-Water Injection on Geothermal PTA
T01,cold water injection wax deposition reservoir,10.3390/pr10010103,2022,9,Processes,Study of Wax Deposition Pattern of High Wax-Bearing Crude Oil Based on Cold Finger Experiment
T01,cold water injection wax deposition reservoir,10.1016/j.geoen.2025.213704,2025,0,Geoenergy Science and Engineering,Hydrothermal fluid flow in Silurian carbonates in Lithuania and cold-water injection impact on long-term reservoir performance
T01,cold water injection wax deposition reservoir,10.1002/cjce.25772,2025,6,The Canadian Journal of Chemical Enginee,Wax deposition behaviour and prediction modelling of high‐wax crude oil transport in cold regions
T01,cold water injection wax deposition reservoir,10.54097/zhafm436,2025,2,International Journal of Energy,Study on Numerical Simulation of Reservoir Fine Water Injection Development Considering Reservoir Heterogeneity
T01,cold water injection wax deposition reservoir,10.14800/iogr.1461,2025,0,Improved Oil and Gas Recovery,A Comprehensive Review on Decoding Wax Deposition Prediction Models in Deep Water Pipelines
T01,cold water injection wax deposition reservoir,10.1007/s11269-024-03847-3,2024,6,Water Resources Management,Navigating Reservoir Deposition Challenges: Evaluation of Reservoir Desilting Strategy Through a 4-Stage Life Cycle Assessment Approach
T01,cold water injection wax deposition reservoir,10.1021/acsomega.2c06809,2023,11,ACS Omega,Water Droplets Tailored as Wax Crystal Carriers to Mitigate Wax Deposition of Emulsion
T01,cold water injection wax deposition reservoir,10.1021/acs.energyfuels.2c03764,2023,12,Energy &amp; Fuels,Experimental Study on the Effect of Wax Crystal-Water Droplet Aggregations on Wax Deposition of Water-in-Oil Emulsions
T01,cold water injection wax deposition reservoir,10.1002/aic.18374,2024,6,AIChE Journal,Modeling multicomponent wax deposition and aging on cold surfaces with application to pipeline fouling
T01,cold water injection wax deposition reservoir,10.1016/j.watres.2024.122245,2024,10,Water Research,Linking reservoir annual residence time to nitrogen deposition using paleolimnological techniques
T01,non-isothermal waterflooding waxy crude oil reservoir,10.1016/j.jnnfm.2022.104793,2022,7,Journal of Non-Newtonian Fluid Mechanics,A non-isothermal approach to evaluate the impact of the cooling stage on the startup flow of waxy crude oils
T01,non-isothermal waterflooding waxy crude oil reservoir,10.1063/10.0046591,2026,0,Scilight,Thermo-rheological model predicts waxy crude oil behavior
T01,non-isothermal waterflooding waxy crude oil reservoir,10.3390/pr11051414,2023,7,Processes,Effect of Crude Oil and Nitrogen Gas Flow Rates on the Time Taken for Flow Initiation of Waxy Crude Oil
T01,non-isothermal waterflooding waxy crude oil reservoir,10.1021/acsomega.3c01963,2023,16,ACS Omega,Experimental and Numerical Investigation of the Degelation Behavior and Non-Isothermal Flow Restart of a Waxy Oil Pipeline
T01,non-isothermal waterflooding waxy crude oil reservoir,10.52756/ijerr.2024.v38.008,2024,4,International Journal of Experimental Re,Improvement of Flow Properties of Highly Waxy Crude Oil with the application of SiO2 and Graphene Oxide nanoparticles aided by Light Crude O
T01,non-isothermal waterflooding waxy crude oil reservoir,10.1021/acsomega.6c02578,2026,0,ACS Omega,"Analysis of Gelling
Characteristics and Mesoscopic
Factors of Water-in-Oil Waxy Crude Oil Emulsions"
T01,non-isothermal waterflooding waxy crude oil reservoir,10.21608/ejchem.2024.255565.8990,2024,0,Egyptian Journal of Chemistry,Pour point depressants for waxy crude oil based on used sun flower oil
T01,non-isothermal waterflooding waxy crude oil reservoir,10.3390/en17184687,2024,2,Energies,Heat Transfer of Crude Waxy Oil with Yield Stress in a Pipe
T01,non-isothermal waterflooding waxy crude oil reservoir,10.1016/j.fuel.2025.136298,2026,4,Fuel,Gel-sol transition process of waxy crude oil under different engineering methods
T01,non-isothermal waterflooding waxy crude oil reservoir,10.1063/5.0152685,2023,18,Physics of Fluids,Experimental study on fluid flow behaviors of waterflooding fractured-vuggy oil reservoir using two-dimensional visual model
T01,non-isothermal waterflooding waxy crude oil reservoir,10.61762/pajevol7iss1art21996,2023,1,Platform : A Journal of Engineering,REVIEW ON POUR POINT DEPRESSANTS FOR WAXY CRUDE OIL ISSUES
T01,non-isothermal waterflooding waxy crude oil reservoir,10.11648/j.ijepe.20221102.12,2022,0,International Journal of Energy and Powe,Evaluation of Local Pour Point Depressant on Waxy Crude Oil
T01,reservoir cooling formation damage paraffin,10.37878/2708-0080/2026-3.09,2026,0,Neft i Gaz,Paraffin formation in the reservoir oil of the Uzen deposit
T01,reservoir cooling formation damage paraffin,10.1016/j.ptlrs.2026.07.003,2026,0,Petroleum Research,Formation damage to oil reservoir caused by СО2 injection for enhanced oil recovery
T01,reservoir cooling formation damage paraffin,10.32782/wba.2024.2.8,2024,0,Water bioresources and aquaculture,Assessment of damage to ichthyofauna of the Zaporizka NPP cooling reservoir
T01,reservoir cooling formation damage paraffin,10.3389/fenrg.2022.818284,2022,4,Frontiers in Energy Research,Production Analysis of Horizontal Wells in a Two-Region Composite Reservoir Considering Formation Damage
T01,reservoir cooling formation damage paraffin,10.4028/p-17yage,2026,0,Journal of Metastable and Nanocrystallin,Cooling Performance Investigation of Commercially Available Paraffin and Nanographene Enhanced Paraffin as Working Material in Thermal Manag
T01,reservoir cooling formation damage paraffin,10.1038/s41598-025-87026-3,2025,7,Scientific Reports,Analysis of geological characteristics and potential factors of formation damage in coalbed methane reservoir in Northern Qinshui basin
T01,reservoir cooling formation damage paraffin,10.1007/s13202-026-02224-7,2026,0,Journal of Petroleum Exploration and Pro,"Integration of reservoir particle size distribution data into unconsolidated reservoir management: applications in permeability prediction, "
T01,reservoir cooling formation damage paraffin,10.1038/s41598-025-27843-8,2025,0,Scientific Reports,Development and application of formation damage mitigation system for heavy oil reservoir
T01,reservoir cooling formation damage paraffin,10.3390/gels8090565,2022,10,Gels,Formation-Damage Mechanism and Gel-Breaker-Free Drill-In Fluid for Carbonate Reservoir
T03,wax appearance temperature thermodynamic model crude oil,10.4028/p-k0m4ym,2022,0,Materials Science Forum,Wax Appearance Temperature Prediction with Wax Inhibitor of Crude Oil from the North of Thailand
T03,wax appearance temperature thermodynamic model crude oil,10.47363/jopngr/2025(2)112,2025,1,"Journal of Oil, Petroleum and Natural Ga",Investigating  Non-Uniformity  of  Wax  Appearance  Temperature  of  Crude Oil in Nigeria
T03,wax appearance temperature thermodynamic model crude oil,10.61762/pajevol7iss1art21999,2023,0,Platform : A Journal of Engineering,CORRELATION TO PREDICT WAX APPEARANCE TEMPERATURE AND CHARACTERISATION OF CRUDE OIL
T03,wax appearance temperature thermodynamic model crude oil,10.1007/s40808-025-02627-1,2025,2,Modeling Earth Systems and Environment,Performance analysis of different artificial intelligence algorithms in estimating wax appearance distance in thick-walled crude oil pipelin
T03,wax appearance temperature thermodynamic model crude oil,10.1177/00037028231218714,2023,2,Applied Spectroscopy,Features of Wax Appearance Temperature Determination of Waxy Crude Oil Using Attenuated Total Reflection Fourier Transform Infrared Spectros
T03,wax appearance temperature thermodynamic model crude oil,10.1063/5.0333067,2026,0,Physics of Fluids,Electric-field-induced instantaneous and reversible viscosity reduction of waxy crude oil above the wax appearance temperature
T03,wax appearance temperature thermodynamic model crude oil,10.29017/scog.36.2.764,2022,1,Scientific Contributions Oil and Gas,Wax Precipitation in Crude Oil by Coutinho Model Based on Conventional Gas Chromatography Data
T03,wax appearance temperature thermodynamic model crude oil,10.32935/1815-2600-2022-138-1-49-54,2022,0,Oil and Gas Technologies,Determination of Wax Appearance Temperature in Various Crude Oils
T03,wax appearance temperature thermodynamic model crude oil,10.14800/iogr.1341,2024,0,Improved Oil and Gas Recovery,Evaluation of Wax Inhibition in Crude Oil Pipelines Using Extracts from Moringa Seeds and Lime
T03,wax appearance temperature thermodynamic model crude oil,10.23880/ppej-16000411,2025,0,Petroleum &amp; Petrochemical Engineerin,Influence of Microwax on the Rheological and Thermal Behaviour of a Wax Crude Oil
T03,wax precipitation pressure dissolved gas live oil,10.48072/2525-7579.rog.2022.044,2022,0,Rio Oil and Gas Expo and Conference,Bibliographic study of thermodynamic modeling of wax precipitation in oil production systems
T03,wax precipitation pressure dissolved gas live oil,10.1080/10916466.2022.2091597,2022,11,Petroleum Science and Technology,Effects of temperature and pressure on wax precipitation and melting characteristics of oil-gas condensate: an experimental and simulation s
T03,wax precipitation pressure dissolved gas live oil,10.55699/ijogr.2026.0601.1117,2026,0,Iraqi Journal of Oil and Gas Research (I,Liquid-Solid Equilibrium-Based Detection of Wax Precipitation in Hydrocarbon System Using the Wilson-SRK Coupled Model
T03,wax precipitation pressure dissolved gas live oil,10.1504/ijogct.2026.10080852,2026,0,"International Journal of Oil, Gas and Co",Experimental study on the formation regularities of natural gas hydrates in a wax crystal precipitation system
T03,wax precipitation pressure dissolved gas live oil,10.1504/ijogct.2025.10070776,2025,0,"International Journal of Oil, Gas and Co","Phase behaviour analysis of condensate gas reservoirs in Dabei oil and gas area: impact of variable wax content on dew point pressure, flash"
T03,wax precipitation pressure dissolved gas live oil,10.48072/2525-7579.rog.2022.452,2022,2,Rio Oil and Gas Expo and Conference,Thermodynamic modelling and analysis of wax precipitation for CO2-rich Brazilian pre-salt live oils
T03,wax precipitation pressure dissolved gas live oil,10.1504/ijogct.2025.146107,2025,2,"International Journal of Oil, Gas and Co","Phase behaviour analysis of condensate gas reservoirs in Dabei oil and gas area: impact of variable wax content on dew point pressure, flash"
T04,asphaltene precipitation PC-SAFT modeling,10.1007/s43153-023-00335-w,2023,0,Brazilian Journal of Chemical Engineerin,Asphaltene precipitation modeling using PC-SAFT and Flory–Huggins theory considering polydisperse asphaltene description
T04,asphaltene precipitation PC-SAFT modeling,10.1016/j.fluid.2022.113590,2023,0,Fluid Phase Equilibria,The hard-core effect on PC-SAFT to model asphaltene precipitation in petroleum reservoir fluids
T04,asphaltene precipitation PC-SAFT modeling,10.3390/app16136437,2026,0,Applied Sciences,Improvement of PC-SAFT-Based Asphaltene Prediction Model and Simulation of Phase Behavior Under Multiple Operating Conditions
T04,asphaltene precipitation PC-SAFT modeling,10.2139/ssrn.4188488,2022,0,SSRN Electronic Journal,Vle Property Measurements and  Pc-Saft/ Cp- Pc-Saft/ E-Ppr78 Modeling of the Co2 + N-Tetradecane Mixture
T04,asphaltene precipitation PC-SAFT modeling,10.1016/j.supflu.2026.106926,2026,0,The Journal of Supercritical Fluids,"Evaluation of the PρT-SAFT, PC-SAFT, I-PC-SAFT, PρT-PC-SAFT, SRK, PR, and PT equations of state for predicting thermodynamic properties of f"
T04,asphaltene precipitation PC-SAFT modeling,10.1016/j.fluid.2023.113827,2023,1,Fluid Phase Equilibria,Asphaltene precipitation described with a Yukawa SAFT-VR/MSA equation of state
T04,asphaltene precipitation PC-SAFT modeling,10.1016/j.fluid.2022.113615,2023,17,Fluid Phase Equilibria,VLE property measurements and PC-SAFT/ CP- PC-SAFT/ E-PPR78 modeling of the CO2 + n-tetradecane mixture
T04,asphaltene precipitation PC-SAFT modeling,10.31699/ijcpe.2024.4.1,2024,2,Iraqi Journal of Chemical and Petroleum ,Modeling of asphaltene precipitation - part I: comparative study for asphaltene precipitation envelope prediction methods
T04,asphaltene precipitation PC-SAFT modeling,10.31026/j.eng.2025.01.03,2025,3,Journal of Engineering,Modeling Asphaltene Precipitation-Part II: Comparative Study for Asphaltene Precipitation Curve Prediction Methods
T04,asphaltene onset pressure prediction,10.1021/acsomega.2c03192,2022,10,ACS Omega,A Comparison between the Perturbed-Chain Statistical Associating Fluid Theory Equation of State and Machine Learning Modeling Approaches in 
T04,asphaltene onset pressure prediction,10.29222/ipng.2078-5712.2024-15-4.art2,2024,0,Actual Problems of Oil and Gas,Determining the onset of asphaltene precipitation in a model oil system toluene–asphaltene–heptane by ultramicroscopy method
T04,asphaltene onset pressure prediction,10.1021/acs.iecr.3c01786,2023,2,Industrial &amp; Engineering Chemistry R,Connectionist Models for Asphaltene Precipitation Prediction by <i>n</i>-Alkane Titration─Pressure and Crude Oil Properties Considered
T04,asphaltene onset pressure prediction,10.3390/en16217348,2023,7,Energies,RANS Prediction of Losses and Transition Onset in a High-Speed Low-Pressure Turbine Cascade
T04,asphaltene onset pressure prediction,10.23977/geors.2024.070108,2024,0,Geoscience and Remote Sensing,"Petrophysical Analysis and Distribution Prediction of Asphaltene Reservoir of Longwangmiao Formation in Longnusi Area, Central Sichuan"
T04,asphaltene onset pressure prediction,10.1134/s0965544125601024,2025,2,Petroleum Chemistry,Onset Points and Kinetics of Asphaltene Aggregation in Model Petroleum Systems: Investigation Using Dynamic Light Scattering and Ultramicros
T04,asphaltene onset pressure prediction,10.1080/14685248.2025.2468224,2025,0,Journal of Turbulence,Improved pressure-gradient sensor for the prediction of separation onset in RANS models
T04,asphaltene precipitation CO2 injection,10.2118/214698-pa,2023,39,SPE Journal,Decreasing Asphaltene Precipitation and Deposition during Immiscible Gas Injection Via the Introduction of a CO2-Soluble Asphaltene Inhibito
T04,asphaltene precipitation CO2 injection,10.3390/pr13061838,2025,0,Processes,Integrated Simulation of CO2 Injection in Heavy Oil Reservoirs with Asphaltene Precipitation Effects
T04,asphaltene precipitation CO2 injection,10.1016/j.petlm.2026.06.006,2026,0,Petroleum,Integrated experimental and simulation study of asphaltene precipitation during miscible-rich gas injection in heavy oil reservoirs
T04,asphaltene precipitation CO2 injection,10.3390/su16104303,2024,18,Sustainability,Investigating Asphaltene Precipitation and Deposition in Ultra-Low Permeability Reservoirs during CO2-Enhanced Oil Recovery
T04,asphaltene precipitation CO2 injection,10.2118/223601-pa,2024,8,SPE Journal,CO2-Induced In-Situ Targeted Precipitation of Asphaltene in Heavy Oil Reservoirs: Balancing Formation Gas Channeling Regulation and Wellbore
T04,asphaltene precipitation CO2 injection,10.2118/210592-pa,2022,13,SPE Journal,Asphaltene Precipitation and Deposition under Miscible and Immiscible Carbon Dioxide Gas Injection in Nanoshale Pore Structure
T04,asphaltene precipitation CO2 injection,10.1016/j.cis.2025.103488,2025,23,Advances in Colloid and Interface Scienc,Review on asphaltene precipitation and deposition kinetics and CO2 interactions
T04,asphaltene precipitation CO2 injection,10.1016/j.ptlrs.2023.03.001,2023,7,Petroleum Research,Inhibition of asphaltene deposition by Al2O3 nanoparticles during CO2 injection
T04,asphaltene precipitation CO2 injection,10.20431/2454-7980.1001002,2025,0,International Journal of Petroleum and P,Comparative Simulation Study of Waterflooding and CO2 Injection in Sandstone Reservoirs: Asphaltene Stability Considerations
T06,wax crystallization kinetics crude oil,10.1016/j.fuel.2025.136285,2026,9,Fuel,Molecular dynamics simulation of asphaltene aggregation and wax crystallization in waxy crude oil under different thermal treatment temperat
T06,wax crystallization kinetics crude oil,10.1016/j.csite.2022.102298,2022,56,Case Studies in Thermal Engineering,Molecular dynamics simulation of wax molecules aggregational crystallization behavior during cooling of crude oil mixture
T06,wax crystallization kinetics crude oil,10.1002/app.56793,2025,2,Journal of Applied Polymer Science,Inhibition of Wax Crystallization and Asphaltene Deposition by Star Poly(Octadecyl Acrylate‐Styrene) (<scp>POA</scp>‐St) for African Crude O
T06,wax crystallization kinetics crude oil,10.1021/acsomega.5c10933,2026,0,ACS Omega,"A Molecular Dynamics Investigation of Wax Crystallization in Crude Oil under Varying Pressures, Temperatures, and CO
                    <su"
T06,wax crystallization kinetics crude oil,10.1002/aocs.70032,2025,0,Journal of the American Oil Chemists' So,"Natural Wax‐Based Oleogels as Clean‐Label Margarine Alternatives: Influence of Wax Type, Concentration, and Crystallization Conditions"
T06,wax crystallization kinetics crude oil,10.3390/molecules27144432,2022,19,Molecules,Effect of Wax Composition and Shear Force on Wax Aggregation Behavior in Crude Oil: A Molecular Dynamics Simulation Study
T06,asphaltene aggregation kinetics,10.1038/s41598-024-69503-3,2024,5,Scientific Reports,Impact of various aggregation kinetics on thermophoretic velocity of asphaltene deposition
T06,asphaltene aggregation kinetics,10.1134/s0965544125601048,2025,1,Petroleum Chemistry,The Effects of Different Types of Dispersants on Asphaltene Aggregation and on the Stability of Asphaltene Dispersions
T06,asphaltene aggregation kinetics,10.1021/acs.energyfuels.6c03213,2026,0,Energy &amp; Fuels,"Solvent-Regulated
Free-Energy Landscapes Govern Asphaltene
Aggregation Pathways"
T06,asphaltene aggregation kinetics,10.1016/j.cplett.2024.141315,2024,7,Chemical Physics Letters,Investigating aggregation of heavy oil droplets: Effect of asphaltene anionic carboxylic
T06,asphaltene aggregation kinetics,10.1016/j.fuel.2025.135099,2025,2,Fuel,Dielectric relaxation analysis of asphaltene polarity and aggregation behavior
T06,asphaltene aggregation kinetics,10.1016/j.fuel.2022.124171,2022,29,Fuel,Molecular dynamics simulations of asphaltene aggregation in heavy oil system for the application to solvent deasphalting
T06,asphaltene aggregation kinetics,10.1016/j.fuel.2025.135004,2025,16,Fuel,State of asphaltene in crude oil and application of nano-chemicals for aggregation inhibition: A comprehensive review
T06,asphaltene aggregation kinetics,10.56726/irjmets91902,2026,0,International Research Journal of Modern,Data-driven modeling of asphaltene aggregation dynamics in multiphase petroleum systems using advanced machine learning techniques
T06,asphaltene aggregation kinetics,10.1016/j.rechem.2026.103466,2026,1,Results in Chemistry,"A novel nanofluid-enhanced chemical EOR strategy for significant wettability alteration, IFT reduction, and asphaltene aggregation inhibitio"
T06,asphaltene aggregation kinetics,10.1016/j.ejpe.2022.07.003,2022,1,Egyptian Journal of Petroleum,Solution techniques for population balance equation: A case study for asphaltene aggregation
T07,asphaltene deposition porous media permeability impairment,10.1016/j.jfueco.2023.100096,2023,4,Fuel Communications,Permeability impairment and oil recovery changes in porous media due to asphaltenes deposition during natural gas injection: An experimental
T07,asphaltene deposition porous media permeability impairment,10.1016/j.geoen.2023.212225,2023,14,Geoenergy Science and Engineering,Estimating permeability impairment due to asphaltene deposition during the natural oil depletion process using machine learning techniques
T07,asphaltene deposition porous media permeability impairment,10.1016/j.cep.2026.110724,2026,0,Chemical Engineering and Processing - Pr,Geometry-driven asphaltene deposition in heterogeneous porous media micromodels
T07,asphaltene deposition porous media permeability impairment,10.1016/j.powtec.2023.119272,2024,15,Powder Technology,Modeling of permeability impairment dynamics in porous media: A machine learning approach
T07,asphaltene deposition porous media permeability impairment,10.1615/jpormedia.2022040997,2023,0,Journal of Porous Media,TURBULENT FLUID/POROUS INTERFACE TREATMENT FOR LOW-PERMEABILITY POROUS MEDIA
T07,asphaltene deposition porous media permeability impairment,10.1021/acs.energyfuels.3c03060,2023,11,Energy &amp; Fuels,Inhibiting Asphaltene Deposition Using Polymer-Functionalized Nanoparticles in Microfluidic Porous Media
T07,asphaltene deposition porous media permeability impairment,10.1063/5.0086257,2022,7,Physics of Fluids,High-frequency permeability of porous media with thin constrictions. I. Wedge-shaped porous media
T07,asphaltene deposition porous media permeability impairment,10.1007/s11242-024-02077-w,2024,5,Transport in Porous Media,Magneto-Permeability Effect in Ferrofluid Flow Through Porous Media Studied via Multiparticle Collision Dynamics
T07,fines migration detachment porous media model,10.1016/j.ces.2022.118217,2023,12,Chemical Engineering Science,Roles of clusters in the migration of fines through porous media
T07,fines migration detachment porous media model,10.1016/j.watres.2022.118172,2022,102,Water Research,Review on physical and chemical factors affecting fines migration in porous media
T07,fines migration detachment porous media model,10.1016/j.geoen.2026.214598,2026,0,Geoenergy Science and Engineering,Enhancing permeability and controlling fines migration in porous media by nanobubbles: An experimental study
T07,fines migration detachment porous media model,10.1016/j.petrol.2022.110761,2022,19,Journal of Petroleum Science and Enginee,A novel approach for pore-scale study of fines migration mechanism in porous media
T07,fines migration detachment porous media model,10.1029/2022wr033537,2023,42,Water Resources Research,Effect of Seepage Velocity on Pore Clogging Growth Behavior and Its Effect on Permeability Reduction During Fines Migration in Porous Media
T07,fines migration detachment porous media model,10.3390/jmse13102002,2025,7,Journal of Marine Science and Engineerin,Experimental and Numerical Investigation of Fines Migration Mechanisms in Porous Media: Implications for Marine Gas Hydrate Production
T07,fines migration detachment porous media model,10.1007/s11242-023-01944-2,2023,6,Transport in Porous Media,"Droplet Formation, Growth and Detachment at the Interface of a Coupled Free-FLow–Porous Medium System: A New Model Development and Compariso"
T07,fines migration detachment porous media model,10.1007/s11440-024-02281-4,2024,38,Acta Geotechnica,Microscopic origins of shape effects on migration and clogging of fines in porous media using coupled CFD-iDEM
T07,fines migration detachment porous media model,10.1016/j.hazadv.2026.101531,2026,0,Journal of Hazardous Materials Advances,Engineering assessment of tracer-induced injectivity loss in sandstone porous media: Zeta-potential control of fines migration and clay swel
T07,fines migration detachment porous media model,10.1007/s11242-023-01970-0,2023,0,Transport in Porous Media,"Publisher Correction: Droplet Formation, Growth and Detachment at the Interface of a Coupled Free‑FLow–Porous Medium System: A New Model Dev"
T07,fines migration detachment porous media model,10.1007/s11440-025-02706-8,2025,5,Acta Geotechnica,"Mesoscale numerical investigation of fines detachment, migration, and erosion mechanisms in gas hydrate extraction"
T07,fines migration detachment porous media model,10.1016/j.rineng.2026.112723,2026,0,Results in Engineering,Brine-chemistry-controlled fines migration and formation damage in clay-bearing sandstone: From fine release index to electrostatic detachme
T07,colloid deposition erosion porous media,10.1103/physrevfluids.9.114301,2024,4,Physical Review Fluids,Mathematical modeling of deposition and erosion in porous media with branching channels
T07,colloid deposition erosion porous media,10.1016/j.cis.2025.103745,2026,9,Advances in Colloid and Interface Scienc,Mineral precipitation in porous media systems: Controlling factors and impacts on porous media evolution
T07,colloid deposition erosion porous media,10.1007/s11242-026-02318-0,2026,0,Transport in Porous Media,From Clogging Mitigation to Clogging Acceleration: Particle Deposition Under Oscillatory Flow in Microfluidic Porous Media
T07,colloid deposition erosion porous media,10.1016/j.cocis.2021.101555,2022,16,Current Opinion in Colloid &amp; Interfa,Foam flow through porous media
T07,colloid deposition erosion porous media,10.1016/j.jcis.2026.140922,2026,0,Journal of Colloid and Interface Science,Capillarity in swelling porous media emerges from the local heterogeneities
T07,colloid deposition erosion porous media,10.1016/j.jcis.2021.07.142,2022,22,Journal of Colloid and Interface Science,Mobility of solid and porous hollow SiO2 nanoparticles in saturated porous media: Impacts of surface and particle structure
T07,colloid deposition erosion porous media,10.1615/specialtopicsrevporousmedia.2026062559,2026,0,Special Topics &amp; Reviews in Porous M,Effect of Porous Medium and Process Parameters on Silicon Deposition in a Cold-Wall CVD Reactor: A Numerical and Taguchi Approach
T07,colloid deposition erosion porous media,10.1016/j.jcis.2025.138216,2025,3,Journal of Colloid and Interface Science,Electrostatic-induced jammed films lock displacement fronts in porous media
T07,colloid deposition erosion porous media,10.1016/j.jcis.2023.03.005,2023,19,Journal of Colloid and Interface Science,Relating mechanistic fate with spatial positioning for colloid transport in surface heterogeneous porous media
T07,colloid deposition erosion porous media,10.1016/j.jcis.2025.138755,2026,6,Journal of Colloid and Interface Science,Interfacial evaporation and evolution in porous media: a study of pillar-array micromodel
T07,colloid deposition erosion porous media,10.1016/j.cis.2026.103874,2026,9,Advances in Colloid and Interface Scienc,"Porous media for solar-driven interfacial evaporation: Fundamentals, materials, architectures, and applications"
T08,pore network model clogging permeability,10.3390/geotechnics5010002,2025,18,Geotechnics,A Novel Permeability–Tortuosity–Porosity Model for Evolving Pore Space and Mineral-Induced Clogging in Porous Medium
T08,pore network model clogging permeability,10.2118/212308-pa,2022,3,SPE Journal,"A Unified Pore Network Model for Evaluation of Permeability, Relative Permeability, and Sealing Capacity From Mercury Intrusion Measurement"
T08,pore network model clogging permeability,10.1016/j.jhydrol.2026.135602,2026,0,Journal of Hydrology,"An end-to-end differentiable, graph neural network-embedded pore network model for permeability prediction"
T08,pore network model clogging permeability,10.1016/j.compgeo.2025.107759,2026,3,Computers and Geotechnics,Filtration and clogging behaviour: A systematic definition in the pore network
T08,pore network model clogging permeability,10.1016/j.compgeo.2026.108292,2026,2,Computers and Geotechnics,Evolution of porous media and porosity–permeability relations during biogeochemical clogging processes: A pore-scale simulation study
T08,pore network model clogging permeability,10.1016/j.conbuildmat.2026.148391,2026,0,Construction and Building Materials,Evolution of clay clogging and permeability recovery in pervious concrete under clogging-cleaning cycles and evaluation of residual clogging
T08,pore network model clogging permeability,10.1016/j.marpetgeo.2023.106600,2024,17,Marine and Petroleum Geology,A pore network-based multiscale coupled model for rapid permeability prediction of tight sandstone gas
T08,pore network model clogging permeability,10.1007/s11242-025-02177-1,2025,7,Transport in Porous Media,Modeling of Permeability and Formation Factor of Carbonate Digital Rocks: Dual-Pore-Network and Pore-Network-Continuum Models
T08,pore network model clogging permeability,10.1190/geo2023-0026.1,2023,7,Geophysics,A new nuclear magnetic resonance-based permeability model based on two pore structure characterization methods for complex pore structure ro
T08,pore network model clogging permeability,10.1007/s11242-024-02072-1,2024,24,Transport in Porous Media,Mechanisms of Pore-Clogging Using a High-Resolution CFD-DEM Colloid Transport Model
T08,pore network model clogging permeability,10.2475/001c.140951,2025,2,American Journal of Science,A Micromechanical Model for Mineral Replacement Reactions and Associated Deformation: From Pore Clogging to Solid Volume Increase
T08,pore-scale simulation deposition permeability evolution,10.1016/j.energy.2022.124859,2022,24,Energy,Effects of heterogeneous pore closure on the permeability of coal involving adsorption-induced swelling: A micro pore-scale simulation
T08,pore-scale simulation deposition permeability evolution,10.46690/ager.2025.11.02,2025,5,Advances in Geo-Energy Research,Pore-scale simulation of permeability evolution induced by mineral precipitation during reactive transport
T08,pore-scale simulation deposition permeability evolution,10.1016/j.fuel.2021.122681,2022,49,Fuel,Pore-scale flow simulation on the permeability in hydrate-bearing sediments
T08,pore-scale simulation deposition permeability evolution,10.1021/acs.langmuir.6c03775,2026,0,Langmuir,"Capillary Wicking
and Permeability in Random Particulate
Porous Media: A Physically Scaled Pore-Scale Simulation"
T08,pore-scale simulation deposition permeability evolution,10.1016/j.fuel.2022.124044,2022,22,Fuel,Machine learning modeling of permeability in 3D heterogeneous porous media using a novel stochastic pore-scale simulation approach
T08,pore-scale simulation deposition permeability evolution,10.1016/j.powtec.2024.120582,2025,13,Powder Technology,The pore structure and permeability evolution of thickened fine grained tailings during deposition consolidation
T08,pore-scale simulation deposition permeability evolution,10.1016/j.energy.2025.134977,2025,28,Energy,Stress-induced permeability evolution mechanism of hydrate-bearing sediments from pore-scale perspective
T08,pore-scale simulation deposition permeability evolution,10.1016/j.energy.2022.126456,2023,21,Energy,Investigation on permeability anisotropy in unconsolidated hydrate-bearing sediments based on pore-scale numerical simulation: Effect of min
T08,pore-scale simulation deposition permeability evolution,10.1063/5.0205591,2024,11,Physics of Fluids,Effects of microscopic pore-throat structure on gas–liquid relative permeability: Porous media construction and pore-scale simulation
T08,pore-scale simulation deposition permeability evolution,10.3390/min16030315,2026,0,Minerals,The Anisotropic Permeability Insights of Nano-Scale Pore Networks Evolution in the Overmature Shales
T08,pore-scale simulation deposition permeability evolution,10.1016/j.powtec.2026.122738,2026,0,Powder Technology,Permeability evolution in tailings under shear-seepage coupling: Insights from experiments and pore-scale analysis
T09,waxy crude oil gel yield stress thixotropy,10.1080/10916466.2022.2092496,2022,2,Petroleum Science and Technology,Study on the prediction method of thixotropy of water-in-oil waxy crude oil emulsions
T09,waxy crude oil gel yield stress thixotropy,10.1080/10916466.2025.2591172,2025,0,Petroleum Science and Technology,Research on the gel structure destruction behavior of waxy crude oil emulsion
T09,waxy crude oil gel yield stress thixotropy,10.14800/sp.1498,2026,0,Science Proceedings,Thermal versus Solvent Control of Yield Stress in Algerian Crude-Oil Transport
T09,waxy crude oil gel yield stress thixotropy,10.1021/acsomega.6c06251,2026,0,ACS Omega,"Study on the Impact
of Local Heating Combined with
Deflection Agitation on the Conversion Efficiency of Gel Waxy Crude
Oil in Storage Tanks"
T09,waxy crude oil gel yield stress thixotropy,10.1016/j.petsci.2026.01.035,2026,1,Petroleum Science,Mesoscopic mechanism of shear breakdown and static recovery characteristics of waxy crude oil gel structures
T09,waxy crude oil gel yield stress thixotropy,10.1016/j.rineng.2026.111610,2026,0,Results in Engineering,Pressure-induced structuring and yield stress of waxy crude oils
T09,waxy crude oil gel yield stress thixotropy,10.1016/j.colsurfa.2022.128759,2022,9,Colloids and Surfaces A: Physicochemical,Molecular dynamics simulation of yield thixotropy of crude oil systems
T09,yield stress fluid flow porous media,10.1016/j.jnnfm.2023.105104,2023,5,Journal of Non-Newtonian Fluid Mechanics,Variational linear comparison homogenization estimates for the flow of yield stress fluids through porous media
T09,yield stress fluid flow porous media,10.1016/j.sctalk.2022.100103,2023,1,Science Talks,Flow of yield-stress fluids through porous media
T09,yield stress fluid flow porous media,10.1063/5.0333161,2026,0,Applied Physics Letters,Network modeling of yield-stress fluid flow in randomly disordered porous media
T09,yield stress fluid flow porous media,10.1615/jpormedia.2025056714,2025,0,Journal of Porous Media,INTRA-REV PORE DISTRIBUTION MODELING IN THE FLOW OF YIELD-STRESS FLUIDS IN POROUS MEDIA
T09,yield stress fluid flow porous media,10.1016/j.sctalk.2022.100042,2022,8,Science Talks,On the determination of a generalized Darcy equation for yield stress fluid in porous media
T09,yield stress fluid flow porous media,10.1016/j.jnnfm.2023.105155,2024,5,Journal of Non-Newtonian Fluid Mechanics,A network model for gas invasion into porous media filled with yield-stress fluid
T09,yield stress fluid flow porous media,10.1615/specialtopicsrevporousmedia.2026062021,2026,0,Special Topics &amp; Reviews in Porous M,An analytic solution for magnetohydrodynamic couple stress fluid flow past a slip-stick liquid drop in a porous a medium
T09,yield stress fluid flow porous media,10.18311/jmmf/2023/36047,2023,1,"Journal of Mines, Metals and Fuels",Couple Stress Fluid Flow Through a Porous Media Past A Solid Sphere
T09,yield stress fluid flow porous media,10.1063/5.0200187,2024,25,Physics of Fluids,Thermal enhancement of couple stress fluid flow through anisotropic porous media
T09,yield stress fluid flow porous media,10.1615/specialtopicsrevporousmedia.2023049341,2024,5,Special Topics &amp; Reviews in Porous M,MULTIPHASE FLOW OF NEWTONIAN FLUID SANDWICHED BETWEEN MICROPOLAR AND COUPLE STRESS FLUIDS THROUGH A COMPOSITE POROUS CHANNEL
T09,yield stress fluid flow porous media,10.36956/eps.v4i1.2089,2025,2,Earth and Planetary Science,"Computational Review for Fluid Flow - Heat Transfer in Stress  Deformation in Porous/Fractured Media, THGMC"
T09,yield stress fluid flow porous media,10.1615/jpormedia.2024050262,2024,4,Journal of Porous Media,CREEPING FLOW OF COUPLE STRESS FLUID OVER A SPHERICAL FIELD ON A SATURATED BIPOROUS MEDIUM
T10,wax deposition reservoir simulation,10.3390/pr10091743,2022,14,Processes,Numerical Simulation of Sulfur Deposition in Wellbore of Sour-Gas Reservoir
T10,wax deposition reservoir simulation,10.52716/jprs.v16i1.1023,2026,0,Journal of Petroleum Research and Studie,Thermodynamic Modeling of Wax Deposition Phase Behavior for Reservoir Fluid in Southern Iraqi Oil Field
T10,wax deposition reservoir simulation,10.18280/ijht.410518,2023,2,International Journal of Heat and Techno,Impact of Upward Turbulent Flow on Wax Deposition in Heavy Viscous Oil Pipelines: A Numerical Simulation
T10,wax deposition reservoir simulation,10.1088/1742-6596/2834/1/012104,2024,1,Journal of Physics: Conference Series,Experimental simulation of mixed deposition of hydrate and wax in a deepwater subsea pipeline
T10,wax deposition reservoir simulation,10.1016/j.energy.2022.126296,2023,30,Energy,Data-driven approaches for predicting wax deposition
T10,wax deposition reservoir simulation,10.1007/s10553-023-01622-5,2023,2,Chemistry and Technology of Fuels and Oi,Simulation Studies of Wax Deposition in Oil-Gas Inclined Shafte
T10,wax deposition reservoir simulation,10.15255/cabeq.2026.2479,2026,0,Chemical and Biochemical Engineering Qua,Low-Temperature Rheological Behavior and Wax Deposition Control in High-Paraffin Blended Crude Oils Using Chemical Additives
T10,wax deposition reservoir simulation,10.30574/wjaets.2022.7.1.0093,2022,4,World Journal of Advanced Engineering Te,"Flow assurance, simulation of wax deposition for Rawat field using PIPSIM software"
T10,wax deposition reservoir simulation,10.3724/sp.j.1089.2025-00245,2025,0,Journal of Computer-Aided Design &amp; C,Simulation Method of Fluid-Solid Interaction for Wax Deposition in Crude Oil Pipelines Based on SPH
T10,asphaltene deposition near-wellbore simulation,10.1016/j.fuel.2023.129111,2023,14,Fuel,Analysis of wellbore clogging by asphaltene deposition using interaction energies
T10,asphaltene deposition near-wellbore simulation,10.1080/10916466.2023.2239284,2023,0,Petroleum Science and Technology,An insight into wax/asphaltene deposition behavior in the wellbore regions of gas condensate reservoirs
T10,asphaltene deposition near-wellbore simulation,10.3390/pr13103328,2025,4,Processes,Compositional Formulations for the Removal and Dissolution of Asphaltene–Resin–Paraffin Deposits in the Near-Wellbore Zone and Tubing String
T10,asphaltene deposition near-wellbore simulation,10.1016/j.petsci.2026.09.012,2026,0,Petroleum Science,"Pore-scale MRT-LBM simulation of CO2-oil interactions, asphaltene deposition, near-miscible and miscible flooding behaviors in deep reservoi"
T10,asphaltene deposition near-wellbore simulation,10.1016/j.egyr.2025.04.001,2025,1,Energy Reports,Simulation of asphaltene deposition in vertical oil wells: A computational approach
T10,asphaltene deposition near-wellbore simulation,10.1007/s13202-022-01488-z,2022,0,Journal of Petroleum Exploration and Pro,"Characterization of wellbore asphaltene deposition in well Gaotan-1 in Junggar Basin, China"
T10,asphaltene deposition near-wellbore simulation,10.3390/en17010121,2023,3,Energies,Simulation of the Asphaltene Deposition Rate in Oil Wells under Different Multiphase Flow Condition
T10,asphaltene deposition near-wellbore simulation,10.1016/j.rineng.2025.104733,2025,9,Results in Engineering,Determining of fluid injection shear rate into the near wellbore region through the Computational Fluid Dynamics simulation
T10,asphaltene deposition near-wellbore simulation,10.2118/212293-pa,2022,0,SPE Production &amp; Operations,A Comparative Study of the Cubic-Plus-Association Equation of State and a Peng-Robinson Equation of State–Based Solid Model for Asphaltene S
T10,organic deposition formation damage modeling,10.2118/0323-0093-jpt,2023,1,Journal of Petroleum Technology,Formation Damage Caused by Wax Deposition Results in Shale Production Decline
T10,organic deposition formation damage modeling,10.1016/j.cej.2022.137783,2022,7,Chemical Engineering Journal,Eulerian–Eulerian modeling of the formation and deposition of SiO2 in the outside vapor deposition process
T10,organic deposition formation damage modeling,10.1016/j.matdes.2026.116881,2026,0,Materials &amp; Design,Probing the damage constitutive modeling of low-heat cement concrete subjected to acid deposition
T10,organic deposition formation damage modeling,10.1016/j.orggeochem.2022.104464,2022,7,Organic Geochemistry,Miocene organic-rich layers of the Saouef Formation (Oriental Tunisia); insights into temporal and spatial variability of environmental cond
T10,organic deposition formation damage modeling,10.1016/j.displa.2022.102341,2023,5,Displays,Modeling the width of exciton formation zone in organic light emitting diode
T10,organic deposition formation damage modeling,10.1016/j.mfglet.2023.07.003,2023,5,Manufacturing Letters,Chemical characterization of particulates and volatile organic compounds emitted during fused deposition modeling
T10,organic deposition formation damage modeling,10.1039/d5ce00727e,2025,4,CrystEngComm,Electrochemistry-induced deposition for controlled formation of metal–organic framework films on insulator and conductor substrates
T10,organic deposition formation damage modeling,10.3390/en19184481,2026,0,Energies,Characteristics of Asphaltene Deposition and Formation Damage Mechanisms in Heavy Oil Under Different CO2 Dissolution Concentrations
T10,organic deposition formation damage modeling,10.1557/s43578-023-00974-2,2023,3,Journal of Materials Research,Numerical modeling and investigation of material mixing and utilization during organic vapor phase deposition
T11,wax deposition core flooding experiment,10.3390/en15176200,2022,35,Energies,Experiment and Application of Wax Deposition in Dabei Deep Condensate Gas Wells with High Pressure
T11,wax deposition core flooding experiment,10.1016/j.geoen.2024.213080,2024,11,Geoenergy Science and Engineering,Experiment and model of oil-water batch transportation to reduce wax deposition
T11,wax deposition core flooding experiment,10.1016/j.fuel.2022.123589,2022,32,Fuel,An insight into core flooding experiment via NMR imaging and numerical simulation
T11,wax deposition core flooding experiment,10.1016/j.compgeo.2024.106091,2024,24,Computers and Geotechnics,Simultaneous determination of relative permeability and capillary pressure from an unsteady-state core flooding experiment?
T11,wax deposition core flooding experiment,10.1016/j.surfin.2026.110439,2026,0,Surfaces and Interfaces,Multiscale suppression of Asphaltene deposition by a green KCl/SiO2/xanthan/pistacia nanocomposite: Direct evidence from interfacial tension
T11,wax deposition core flooding experiment,10.3390/en16020608,2023,1,Energies,"Identification of Reservoir Water-Flooding Degrees via Core Sizes Based on a Drip Experiment of the Zhenwu Area in Gaoyou Sag, China"
T11,wax deposition core flooding experiment,10.1016/j.rineng.2025.105922,2025,4,Results in Engineering,Investigation of deposition behavior in non-Newtonian oil-wax slurry pipeline transport based on experiment and CFD-CGDEM method
T11,wax deposition core flooding experiment,10.3390/polym18131640,2026,2,Polymers,Optimization of HPAM Polymer Flooding for Enhanced Oil Recovery Through Experimental Core Flooding and Predictive Statistical Modeling
T11,wax deposition core flooding experiment,10.1021/acsomega.1c06293,2022,51,ACS Omega,Quantitative Investigation of Water Sensitivity and Water Locking Damages on a Low-Permeability Reservoir Using the Core Flooding Experiment
T11,microfluidic asphaltene deposition,10.1021/acs.energyfuels.4c00502,2024,7,Energy &amp; Fuels,Prediction of Asphaltene Deposition Dynamics in Various Microfluidic Geometries Using Computational Fluid Dynamics
T11,microfluidic asphaltene deposition,10.1021/acs.langmuir.6c00689,2026,1,Langmuir,"Microfluidic
and Molecular Insights into Enhanced
Recovery and Asphaltene Deposition Behavior during CO2 Miscible
Flooding"
T11,microfluidic asphaltene deposition,10.1016/j.fuel.2024.133022,2025,6,Fuel,Molecular insights into the role of external magnetic field on asphaltene deposition: Implications for green approaches to asphaltene manage
T11,microfluidic asphaltene deposition,10.1021/acs.energyfuels.2c01064,2022,15,Energy &amp; Fuels,An Investigation of the Effect of Asphaltene Polydispersity on Asphaltene Precipitation and Deposition Tendencies
T11,microfluidic asphaltene deposition,10.1134/s0965544126120121,2026,0,Petroleum Chemistry,Predicting Asphaltene Deposition Profile by an Integrated Model
T11,microfluidic asphaltene deposition,10.1016/j.heliyon.2024.e38436,2024,13,Heliyon,Asphaltene deposition effects on reservoir rock wettability and modification strategies
T11,microfluidic asphaltene deposition,10.1021/acs.energyfuels.2c01340,2022,8,Energy &amp; Fuels,Entrapment of Asphaltene-Stabilized Emulsions in Microfluidic Porous Media
T11,microfluidic asphaltene deposition,10.1016/j.fuel.2023.129514,2024,11,Fuel,Experimental study of asphaltene onset condition and deposition using electrical deposition technique in the presence of various additives: 
T11,microfluidic asphaltene deposition,10.1016/j.petrol.2022.111277,2023,3,Geoenergy Science and Engineering,Modeling asphaltene deposition in vertical oil wells
T11,high pour point oil reservoir experiment,10.1080/10916466.2022.2096631,2022,5,Petroleum Science and Technology,"The potential blockage during CO
                    <sub>2</sub>
                    displacement in the high pour point oil reservoir"
T11,high pour point oil reservoir experiment,10.1016/j.uncres.2025.100243,2025,1,Unconventional Resources,Model and application of CO2-EOR injection and production parameters for high pour-point oil reservoirs: A case study of SUBEI A reservoir
T11,high pour point oil reservoir experiment,10.1016/j.fuel.2025.135269,2025,14,Fuel,Effect of ethylene vinyl acetate on pour point and wax deposition characteristics of high-pour-point and viscous waxy crude oil
T11,high pour point oil reservoir experiment,10.30632/pjv64n1-2023a8,2023,1,Petrophysics – The SPWLA Journal of Form,An Algorithm to Optimize Water Injection Temperature for Thermal Recovery of High Pour Point Oil
T11,high pour point oil reservoir experiment,10.3390/en15249461,2022,22,Energies,A Microfluidic Experiment on CO2 Injection for Enhanced Oil Recovery in a Shale Oil Reservoir with High Temperature and Pressure
T11,high pour point oil reservoir experiment,10.31004/jutin.v9i2.57481,2026,0,Jurnal Teknik Industri Terintegrasi,Uji Laboratorium : Pengaruh Konsentrasi Pour Point Depressant (PPD) terhadap Pour Point Crude Oil pada Sumur ST-X
T11,high pour point oil reservoir experiment,10.30632/pjv63n6-2022a4,2022,4,Petrophysics – The SPWLA Journal of Form,Naturally Fractured Carbonate Reservoir Characterization: A Case Study of a Mature High-Pour Point Oil Field in Hungary
T11,high pour point oil reservoir experiment,10.62051/ijepes.v3n3.01,2025,0,International Journal of Electric Power ,Research Progress on the Treatment of High - pour - point Oil by Microwave Radiation
T11,high pour point oil reservoir experiment,10.28999/2541-9595-2022-12-5-452-460,2022,0,SCIENCE &amp; TECHNOLOGIES OIL AND OIL P,Improvement of methodology for determining time of safe shutdown of oil pipeline when pumping a mixture of high-viscosity and high-pour poin
T12,multigrid preconditioner reservoir simulation pressure,10.1007/s12046-023-02407-6,2024,1,Sādhanā,Relaxed Jacobi method as multigrid smoother and preconditioner
T12,multigrid preconditioner reservoir simulation pressure,10.1007/s11440-024-02414-9,2024,2,Acta Geotechnica,Simulation of hydro-deformation coupling problem in unsaturated porous media using exponential SWCC and hybrid improved iteration method wit
T12,multigrid preconditioner reservoir simulation pressure,10.1080/12269328.2025.2462903,2025,1,Geosystem Engineering,Algebraic multigrid method for tight oil reservoir simulation with nonlinear seepage
T12,multigrid preconditioner reservoir simulation pressure,10.1016/j.matcom.2021.08.025,2022,0,Mathematics and Computers in Simulation,On a multigrid solver for stationary Navier–Stokes velocity–pressure tracking-type control problems
T12,multigrid preconditioner reservoir simulation pressure,10.1016/j.jcp.2023.112622,2024,4,Journal of Computational Physics,A hybrid shifted Laplacian multigrid and domain decomposition preconditioner for the elastic Helmholtz equations
T12,multigrid preconditioner reservoir simulation pressure,10.1016/j.cma.2026.119043,2026,0,Computer Methods in Applied Mechanics an,A geometric multigrid preconditioner for Shifted Boundary Method
T12,multigrid preconditioner reservoir simulation pressure,10.1016/j.advengsoft.2026.104215,2026,1,Advances in Engineering Software,Robustness and Performance of the CPRW Preconditioner in Reservoir Simulation: An Experimental Study
T12,multigrid preconditioner reservoir simulation pressure,10.1007/s10915-024-02568-4,2024,3,Journal of Scientific Computing,hp-Multigrid Preconditioner for a Divergence-Conforming HDG Scheme for the Incompressible Flow Problems
T12,multigrid preconditioner reservoir simulation pressure,10.1007/s42514-023-00136-0,2023,3,CCF Transactions on High Performance Com,An improved multistage preconditioner on GPUs for compositional reservoir simulation
T12,multigrid preconditioner reservoir simulation pressure,10.1007/s10596-024-10292-z,2024,8,Computational Geosciences,Constrained pressure-temperature residual (CPTR) preconditioner performance for large-scale thermal CO$$_2$$ injection simulation
T12,multigrid preconditioner reservoir simulation pressure,10.1007/s13137-025-00279-y,2025,0,GEM - International Journal on Geomathem,A Jacobian-free Multigrid Preconditioner for Discontinuous Galerkin Methods Applied to Atmospheric Flows
T12,multigrid preconditioner reservoir simulation pressure,10.1016/j.cam.2026.118242,2026,0,Journal of Computational and Applied Mat,An Algebraic Multigrid Preconditioner with Adaptive Hybrid Interpolation for High-Contrast Multiscale Problems
T12,sequential implicit reservoir simulation,10.1016/j.jcp.2023.112442,2023,6,Journal of Computational Physics,Convergent sequential fully implicit method for reservoir simulation
T12,sequential implicit reservoir simulation,10.46690/ager.2025.05.04,2025,6,Advances in Geo-Energy Research,Development of a reactive transport solver in MATLAB Reservoir Simulation Toolbox using the fully-implicit sequential iterative approach
T12,sequential implicit reservoir simulation,10.1615/jpormedia.2022043990,2023,2,Journal of Porous Media,A MODIFIED SEQUENTIAL FULLY IMPLICIT METHOD OF COMPOSITIONAL RESERVOIR SIMULATION FOR CO2 FLOODING IN ADAPTIVE MESH REFINEMENT GRIDS
T12,sequential implicit reservoir simulation,10.2118/217465-pa,2023,6,SPE Journal,A New Adaptive Implicit Method for Multicomponent Surfactant-Polymer Flooding Reservoir Simulation
T12,sequential implicit reservoir simulation,10.1016/j.apm.2022.01.016,2022,10,Applied Mathematical Modelling,New fully implicit formulations for the multicomponent surfactant-polymer flooding reservoir simulation
T12,sequential implicit reservoir simulation,10.1504/ijogct.2023.10058003,2023,0,"International Journal of Oil, Gas and Co",A new automatic differentiation approach for fully implicit compositional reservoir simulation
T12,sequential implicit reservoir simulation,10.1016/j.jcp.2024.113558,2025,4,Journal of Computational Physics,Compositional reservoir simulation with a high-resolution compact stencil adaptive implicit method
T12,sequential implicit reservoir simulation,10.29017/scog.v48i3.1858,2025,1,Scientific Contributions Oil and Gas,A Fully Implicit Reservoir Simulation Using Physics Informed Neural Network
T12,sequential implicit reservoir simulation,10.1504/ijogct.2023.133808,2023,1,"International Journal of Oil, Gas and Co",A new automatic differentiation approach for fully implicit compositional reservoir simulation
T12,sequential implicit reservoir simulation,10.1016/j.ijthermalsci.2024.109023,2024,6,International Journal of Thermal Science,Implicit lattice Boltzmann flux solver: A novel mesoscopic numerical algorithm for geothermal reservoir simulation
T12,sequential implicit reservoir simulation,10.55592/cilamce2025.v5i.14378,2026,0,Ibero-Latin American Congress on Computa,Parallel Reservoir Simulation of Oil Flow Using PETSc and Implicit Schemes
T12,sequential implicit reservoir simulation,10.1016/j.bpj.2021.11.1377,2022,0,Biophysical Journal,CHARMM-GUI Implicit Solvent Modeler for simulation with various implicit solvent models in different simulation programs
T12,compositional reservoir simulation solid precipitation,10.2118/208610-pa,2022,42,SPE Journal,Compositional Reservoir Simulation: A Review
T12,compositional reservoir simulation solid precipitation,10.3390/pr12030503,2024,6,Processes,Investigation on the Extent of Retrograde Condensation of Qianshao Gas Condensate Reservoir Using PVT Experiments and Compositional Reservoi
T12,compositional reservoir simulation solid precipitation,10.29017/scog.33.1.658,2022,0,Scientific Contributions Oil and Gas,A NEW APPROACH OF COMPOSITIONAL SIMULATION FOR A VOLATILE OIL RESERVOIR MODELING
T12,compositional reservoir simulation solid precipitation,10.2139/ssrn.4285736,2022,0,SSRN Electronic Journal,Novel Geochemical Calculation for Underground Geological Storage of CO2: From Multiphase Geochemical Equilibrium to Compositional Reservoir 
T12,compositional reservoir simulation solid precipitation,10.3329/dujs.v70i2.62602,2022,0,Dhaka University Journal of Science,Integrated Study of CO2 Sequestration and CO2-EOR in Oil Reservoir by Compositional Simulation
T12,compositional reservoir simulation solid precipitation,10.1016/j.cageo.2024.105725,2024,2,Computers &amp; Geosciences,Improved phase-state identification bypass approach of the hydrocarbons-CO2-H2O system for compositional reservoir simulation
T12,compositional reservoir simulation solid precipitation,10.2118/223947-pa,2024,0,SPE Journal,A Phase-State-Radius-Based Multiphase-State Identification Acceleration Approach of the Hydrocarbons-CO2-H2O System for Compositional Reserv
T13,open-source reservoir simulator,10.21105/joss.03727,2022,49,Journal of Open Source Software,SIMsalabim: An open-source drift-diffusion simulator for semiconductor devices
T13,open-source reservoir simulator,10.21105/joss.07861,2025,1,Journal of Open Source Software,Gauss-Radau Small-body Simulator (GRSS): An Open-Source Library for Planetary Defense
T13,open-source reservoir simulator,10.21105/joss.03898,2022,22,Journal of Open Source Software,DEVSIM: A TCAD Semiconductor Device Simulator
T13,open-source reservoir simulator,10.1038/s41592-026-03122-w,2026,0,Nature Methods,A fast open-source wave optics simulator
T13,open-source reservoir simulator,10.12688/f1000research.179162.1,2026,0,F1000Research,OpenMBD: An Open-Source Multibody Dynamics Simulator for Biomechanics Research and Education
T13,open-source reservoir simulator,10.3390/signals7020025,2026,0,Signals,SpectraMelt: An Open-Source A2I Simulator
T13,open-source reservoir simulator,10.21105/joss.07617,2025,3,Journal of Open Source Software,UXsim: lightweight mesoscopic traffic flow simulator in pure Python
T13,open-source reservoir simulator,10.1002/oto2.70098,2025,3,OTO Open,Feasibility and Evaluation of a Novel Open‐Source 3D Printed Simulator for Microlaryngeal Surgery
T13,open-source reservoir simulator,10.1002/oto2.70269,2026,0,OTO Open,"An Open‐Source, Three‐Dimensionally Printed, Motorized (“Breathing”) Nasotracheoscopy Simulator"
T13,open-source reservoir simulator,10.21105/joss.07017,2024,6,Journal of Open Source Software,"Adamantine 1.0: A Thermomechanical Simulator for
Additive Manufacturing"
T13,open-source reservoir simulator,10.3390/rs14081849,2022,18,Remote Sensing,SOLS: An Open-Source Spaceborne Oceanic Lidar Simulator
T13,open-source reservoir simulator,10.2139/ssrn.4204379,2022,3,SSRN Electronic Journal,J-Wave: An Open-Source Differentiable Wave Simulator
T13,reservoir simulation benchmark comparison,10.1080/02626667.2025.2596274,2026,0,Hydrological Sciences Journal,A benchmark test problem for reservoir simulation models and comparison of their results
T13,reservoir simulation benchmark comparison,10.3390/geosciences15050169,2025,1,Geosciences,A Comparative Study of Solvers and Preconditioners for an SPE CO2 Storage Benchmark Reservoir Simulation Model
T13,reservoir simulation benchmark comparison,10.1186/s12544-023-00586-1,2023,3,European Transport Research Review,Merging and diverging operations: benchmark of three European microscopic simulation tools and comparison with analytical formulations
T13,reservoir simulation benchmark comparison,10.1088/1755-1315/1634/1/012001,2026,0,IOP Conference Series: Earth and Environ,Evaluation and Comparison of Reservoir Simulator Performance in Waterflooding Scenarios Using MATLAB Reservoir Simulation Toolbox (MRST) and
T13,reservoir simulation benchmark comparison,10.23880/ppej-16000399,2024,2,Petroleum &amp; Petrochemical Engineerin,Numerical Simulation of a Multilateral Saturated Reservoir using MATLAB-based Simulator
T13,reservoir simulation benchmark comparison,10.1121/10.0036497,2025,3,The Journal of the Acoustical Society of,Benchmark comparison of transcranial ultrasound simulation: Comparing the CIVA Healthcare platform method with existing compressional wave m
T13,reservoir simulation benchmark comparison,10.23880/ppej-16000357,2023,0,Petroleum &amp; Petrochemical Engineerin,The Influence of Permeability Anisotropy on Reservoir Simulation Model Behaviour in Oil Fields
T13,reservoir simulation benchmark comparison,10.3390/su14094913,2022,15,Sustainability,Application of Harris Hawks Optimization with Reservoir Simulation Model Considering Hedging Rule for Network Reservoir System
T13,reservoir simulation benchmark comparison,10.1080/00223131.2023.2268676,2023,0,Journal of Nuclear Science and Technolog,Benchmark simulation code for the thermal-hydraulics design tool of the accelerator-driven system: validation and benchmark simulation of fl
T13,reservoir simulation benchmark comparison,10.1080/03610918.2021.2011923,2022,9,Communications in Statistics - Simulatio,Estimating the concentration parameter of a von Mises distribution: a systematic simulation benchmark
T13,reservoir simulation benchmark comparison,10.1016/j.dib.2024.110828,2024,1,Data in Brief,Benchmark datasets of representative geothermal reservoir models with pseudo-geophysical exploration and well data
T14,wax deposition pipeline model,10.1115/1.4071605,2026,1,Journal of Pressure Vessel Technology,Development and Application of a Wax Deposition Prediction Model for the BoZi Crude Oil Pipeline
T14,wax deposition pipeline model,10.53022/oarjet.2026.10.2.0029,2026,0,Open Access Research Journal of Engineer,Validation of experimental and model for Temperature on wax deposition on Corrosion of Pipeline
T14,wax deposition pipeline model,10.1080/10916466.2022.2149801,2022,2,Petroleum Science and Technology,Research on the prediction model of wax deposition thickness of waxy crude oil in pipeline transportation
T14,wax deposition pipeline model,10.9790/1684-2302013541,2026,0,IOSR Journal of Mechanical and Civil Eng,Predictive Modelling Of Wax Deposition Effect On Concentration For Corrosion Of Crude Oil Pipeline
T14,wax deposition pipeline model,10.1016/j.expthermflusci.2024.111400,2025,4,Experimental Thermal and Fluid Science,New insights into wax deposition challenges: Experimental investigation across varied pipeline curvatures
T14,wax deposition pipeline model,10.1016/j.petrol.2022.110929,2022,9,Journal of Petroleum Science and Enginee,Numerical investigation of wax deposition features in a pipeline under laminar flow conditions
T14,wax deposition pipeline model,10.3390/en17174398,2024,3,Energies,Wax Deposition of Diesel Oil and Consequent Contamination of Gasoline in Sequential Transportation of Product Oil Pipeline
T14,wax deposition pipeline model,10.1080/10916466.2022.2064495,2022,6,Petroleum Science and Technology,Evaluation of influencing factors of pipeline wax deposition strength based on principal component analysis
T14,wax deposition pipeline model,10.1061/jpsea2.pseng-2114,2026,0,Journal of Pipeline Systems Engineering ,Research on Pig Movement and Wax Transport during the Wax Removal Process of Oil Pipelines
T14,wax deposition pipeline model,10.30574/wjaets.2026.19.1.0230,2026,0,World Journal of Advanced Engineering Te,An experimental and modelling approach of paraffin wax deposition on flow rate for crude oil pipeline corrosion
T14,asphaltene deposition wellbore model,10.1016/j.apenergy.2022.120197,2022,21,Applied Energy,A semi-compositional approach to model asphaltene precipitation and deposition in solvent-based bitumen recovery processes
T14,asphaltene deposition wellbore model,10.3390/pr12061073,2024,7,Processes,A Predictive Model for Wellbore Temperature in High-Sulfur Gas Wells Incorporating Sulfur Deposition
T14,asphaltene deposition wellbore model,10.1016/j.powtec.2024.120284,2024,4,Powder Technology,Numerical model of asphaltene deposition in vertical wellbores: Considerations of particle shape and drag force
T15,machine learning wax appearance temperature,10.62593/2090-2468.1070,2025,0,Egyptian Journal of Petroleum,Models For Estimating Wax Appearance Temperature
T15,machine learning wax appearance temperature,10.1016/j.fuel.2024.132703,2024,10,Fuel,Modeling wax disappearance temperature using robust white-box machine learning
T15,machine learning wax appearance temperature,10.1063/5.0098727,2022,9,Physics of Fluids,Characterization of wax appearance temperature of model oils using laser-induced voltage
T15,machine learning wax appearance temperature,10.1002/eng2.71043,2026,0,Engineering Reports,"Correction to “Categorical Boosting‐
                    <scp>PSO</scp>
                    : A
                    <scp>SHAP</scp>
        "
T15,machine learning wax appearance temperature,10.1002/eng2.70979,2026,0,Engineering Reports,"Categorical Boosting‐
                    <scp>PSO</scp>
                    : A
                    <scp>SHAP</scp>
                    ‐In"
T15,machine learning wax appearance temperature,10.1080/10916466.2023.2293247,2023,2,Petroleum Science and Technology,Wax appearance temperature in crude oils measured by surface plasmon resonance
T15,machine learning wax appearance temperature,10.1016/j.mlwa.2025.100786,2025,1,Machine Learning with Applications,Machine learning-driven predictive modeling of temperature-dependent mechanical properties in austenitic stainless steels
T15,machine learning asphaltene precipitation,10.1007/s40948-026-01125-7,2026,1,Geomechanics and Geophysics for Geo-Ener,Robust hybrid tree-based machine learning-assisted optimization of well parameters to reduce asphaltene precipitation risk in oil fields
T15,machine learning asphaltene precipitation,10.1127/metz/2023/1130,2023,1,Meteorologische Zeitschrift,A machine learning approach on the investigation of the scale dependent relation of CAPE and precipitation
T15,machine learning asphaltene precipitation,10.1016/j.dche.2025.100244,2025,2,Digital Chemical Engineering,Machine learning for asphaltene polarizability: Evaluating molecular descriptors
T15,machine learning asphaltene precipitation,10.1007/s11696-024-03784-w,2024,4,Chemical Papers,Understanding live oil composition effect on asphaltene precipitation as a function of temperature change during depressurization using mach
T15,machine learning asphaltene precipitation,10.1016/j.mlwa.2025.100640,2025,7,Machine Learning with Applications,Deep learning-based identification of precipitation clouds from all-sky camera data for observatory safety
T15,surrogate model reservoir simulation neural operator,10.1063/5.0253146,2025,3,Physics of Fluids,A data-physical dual-driven surrogate model for reservoir simulation
T15,surrogate model reservoir simulation neural operator,10.1016/j.enganabound.2026.106740,2026,0,Engineering Analysis with Boundary Eleme,Neural network-based surrogate model for the local differentiation operator of GFDM
T15,surrogate model reservoir simulation neural operator,10.1093/gji/ggag022,2026,0,Geophysical Journal International,A Fourier neural operator surrogate model for nonlinear electrical resistivity tomography
T15,surrogate model reservoir simulation neural operator,10.3390/bioengineering12090958,2025,3,Bioengineering,A Neural-Operator Surrogate for Platelet Deformation Across Capillary Numbers
T15,surrogate model reservoir simulation neural operator,10.1016/j.autcon.2025.106576,2025,14,Automation in Construction,Real-time surrogate model of vehicle-bridge interaction using a multiple-input neural operator
T15,surrogate model reservoir simulation neural operator,10.1016/j.probengmech.2024.103672,2024,14,Probabilistic Engineering Mechanics,Multi-fidelity wavelet neural operator surrogate model for time-independent and time-dependent reliability analysis
T15,surrogate model reservoir simulation neural operator,10.1063/5.0311306,2026,2,Physics of Fluids,Full-scale surrogate reservoir model based on scientific sampling and Koopman operator for actual three-dimensional oil reservoirs with fine
T15,surrogate model reservoir simulation neural operator,10.1063/5.0272866,2025,2,Physics of Fluids,Feature attention-based deep neural operator for solving seepage flow equations in porous media reservoir simulation
T15,surrogate model reservoir simulation neural operator,10.1615/jmachlearnmodelcomput.2026063142,2026,0,Journal of Machine Learning for Modeling,FOURIER NEURAL OPERATOR SURROGATE OF LITHIUM-ION BATTERY MODELS
T15,surrogate model reservoir simulation neural operator,10.71451/istaer2604,2026,10,International Scientific Technical  and ,Joint Prediction Model of Reservoir Parameters Based on Multimodal Transformer Graph Neural Operator Physical Constraint Network
T15,surrogate model reservoir simulation neural operator,10.1038/s41598-026-43905-x,2026,1,Scientific Reports,Transfer learning enhanced deep neural network surrogate model for rapid multiphysics simulation of alkaline water electrolyzers
T15,surrogate model reservoir simulation neural operator,10.1007/s11269-026-04655-7,2026,0,Water Resources Management,Simulation-Optimization Approach Based on the Meta-Model in the Optimal Operation of a Single Reservoir Using the Development of the FOA-SL 
T15,physics-informed neural network porous media flow,10.3390/math12203281,2024,7,Mathematics,Transfer Learning-Based Physics-Informed Convolutional Neural Network for Simulating Flow in Porous Media with Time-Varying Controls
T15,physics-informed neural network porous media flow,10.69631/ipj.v2i3nr67,2025,2,InterPore Journal,Anchored Physics-Informed Neural Network for Two-Phase Flow Simulation in Heterogeneous Porous Media
T15,physics-informed neural network porous media flow,10.1016/j.neunet.2023.08.006,2023,51,Neural Networks,Prediction of fluid flow in porous media by sparse observations and physics-informed PointNet
T15,physics-informed neural network porous media flow,10.70567/rmc.v2.ocsid8518,2025,0,Resúmenes de Mecánica Computacional,Physics-informed Neural Network-Based Parameter Estimation for Inverse Problems of Capillary Flow in Porous Media
T15,physics-informed neural network porous media flow,10.1038/s41598-026-55389-w,2026,0,Scientific Reports,Physics-informed convolutional neural networks for fluid flow through porous media
T15,physics-informed neural network porous media flow,10.1016/j.compgeo.2026.108416,2026,0,Computers and Geotechnics,Thermo-hydro-mechanical modeling of single-phase fluid flow in heterogeneous porous media with micro-fractures using physics-informed neural
T15,physics-informed neural network porous media flow,10.2118/0722-0052-jpt,2022,1,Journal of Petroleum Technology,Physics-Informed Neural Networks Help Predict Fluid Flow in Porous Media
T15,physics-informed neural network porous media flow,10.1063/5.0241362,2024,11,Physics of Fluids,Hidden field discovery of turbulent flow over porous media using physics-informed neural networks
T15,physics-informed neural network porous media flow,10.1007/s10553-024-01782-y,2024,3,Chemistry and Technology of Fuels and Oi,Solution to the Two-Phase Flow in Heterogeneous Porous Media Based on Physics-Informed Neural Network
T15,physics-informed neural network porous media flow,10.1088/1402-4896/ae79e6,2026,0,Physica Scripta,Physics-informed neural networks for predictive multiphase flow in REV-scale porous media
T15,physics-informed neural network porous media flow,10.1016/j.advwatres.2024.104731,2024,64,Advances in Water Resources,Physics-informed neural network simulation of two-phase flow in heterogeneous and fractured porous media
T15,physics-informed neural network porous media flow,10.3390/pr14101578,2026,1,Processes,A Physics-Informed Neural Network Model for Reservoir Seepage in Porous Media Based on Darcy’s Law
