doi,subtopic,expect
10.1021/ef049819e,T06,Kriz 2005 asphaltenes and wax crystallization (books)
10.1021/acs.cgd.6b00499,T06,Pechook 2016 wax crystal coarsening (books)
10.1016/j.advwatres.2020.103524,T08,Ghanbarian 2020 critical path analysis grain packings (books; docs)
10.1016/j.apm.2020.06.037,T08,Lisitsa 2020 topology of pore space changes (books)
10.15372/pmtf20210608,T10,Gaidukov 2021 oil-gas-paraffin nonisothermal filtration (books)
10.15372/khur2023462,T02,Yashchenko 2023 viscous paraffinic oils properties (books)
10.37878/2708-0080/2022-4.09,T03,Ismailova 2022 melting properties MSS model (books)
10.1016/0378-3812(94)02600-6,T03,Coutinho 1995 activity coefficient models alkane SLE (books)
10.1016/s0378-3812(98)00366-5,T03,Pauly 1998 decane multi-paraffins SLE (books)
10.1016/s0376-7361(08)x7008-6,T02,Freund 1982 Paraffin Products (books)
10.1016/s0017-9310(02)00014-5,T08,Yu Cheng 2002 fractal permeability (experiments/pore_models.py)
10.1016/s0378-3812(99)00155-7,T03,Dauphin 1999 wax content partially frozen (experiments/data)
10.1021/ie960512f,T02,Marano Holder 1997 n-paraffin properties (experiments/data)
10.1023/a:1018832120659,T10,Sharafutdinov 2001 multifront phase transitions live paraffin oil (books: ref in Gaidukov 2021)
